r_seed=1,   C[0],   C[1],   H[2],   H[3],  
Charges,    2.0653000000,    2.2552000000,    0.9991000000,    0.9999000000,  
Time[fs],  36.052000,  38.106000,   7.856000,   7.702000,  
Charge Sum,    6.3195000000, 
X Velocity[A/fs],  -0.196211,   0.186413,  -0.831736,   0.841618,  
Y Velocity[A/fs],  -0.006270,   0.014035,  -0.008854,   0.030065, 
Z Velocity[A/fs],   0.005589,  -0.008125,   0.020935,  -0.017336,  
Speed[A/fs],   0.196390,   0.187117,   0.832047,   0.842333,  
 
r_seed=2,   C[0],   C[1],   H[2],   H[3],  
Charges,    2.0653000000,    2.2552000000,    0.9991000000,    0.9999000000,  
Time[fs],  36.491000,  37.617000,   7.812000,   7.765000,  
Charge Sum,    6.3195000000, 
X Velocity[A/fs],  -0.193765,   0.188155,  -0.830007,   0.847189,  
Y Velocity[A/fs],  -0.000526,   0.003329,  -0.003365,  -0.012210, 
Z Velocity[A/fs],  -0.000981,  -0.006740,  -0.012027,   0.055240,  
Speed[A/fs],   0.193769,   0.188305,   0.830101,   0.849076,  
 
r_seed=3,   C[0],   C[1],   H[2],   H[3],  
Charges,    2.0653000000,    2.2552000000,    0.9991000000,    0.9999000000,  
Time[fs],  36.741000,  37.478000,   7.864000,   7.666000,  
Charge Sum,    6.3195000000, 
X Velocity[A/fs],  -0.192801,   0.189373,  -0.827471,   0.843783,  
Y Velocity[A/fs],   0.023443,  -0.015763,  -0.001648,   0.000349, 
Z Velocity[A/fs],  -0.006997,   0.011870,  -0.004219,   0.012064,  
Speed[A/fs],   0.194347,   0.190398,   0.827483,   0.843869,  
 
r_seed=4,   C[0],   C[1],   H[2],   H[3],  
Charges,    2.0653000000,    2.2552000000,    0.9991000000,    0.9999000000,  
Time[fs],  36.297000,  37.705000,   7.831000,   7.661000,  
Charge Sum,    6.3195000000, 
X Velocity[A/fs],  -0.194776,   0.188029,  -0.829052,   0.843302,  
Y Velocity[A/fs],   0.005638,  -0.009596,   0.012142,  -0.010292, 
Z Velocity[A/fs],   0.007295,  -0.003660,  -0.055707,  -0.036137,  
Speed[A/fs],   0.194994,   0.188309,   0.831011,   0.844139,  
 
r_seed=5,   C[0],   C[1],   H[2],   H[3],  
Charges,    2.0653000000,    2.2552000000,    0.9991000000,    0.9999000000,  
Time[fs],  36.887000,  37.287000,   7.893000,   7.740000,  
Charge Sum,    6.3195000000, 
X Velocity[A/fs],  -0.191947,   0.190010,  -0.828539,   0.848630,  
Y Velocity[A/fs],   0.002113,   0.008781,   0.023625,   0.012404, 
Z Velocity[A/fs],  -0.000796,  -0.007533,   0.001046,   0.010787,  
Speed[A/fs],   0.191960,   0.190362,   0.828876,   0.848790,  
 
r_seed=6,   C[0],   C[1],   H[2],   H[3],  
Charges,    2.0653000000,    2.2552000000,    0.9991000000,    0.9999000000,  
Time[fs],  36.034000,  38.114000,   7.808000,   7.724000,  
Charge Sum,    6.3195000000, 
X Velocity[A/fs],  -0.196252,   0.186156,  -0.831092,   0.842856,  
Y Velocity[A/fs],   0.009096,  -0.002891,   0.034165,  -0.013443, 
Z Velocity[A/fs],   0.014593,  -0.008083,   0.023264,  -0.007943,  
Speed[A/fs],   0.197004,   0.186354,   0.832119,   0.843001,  
 
r_seed=7,   C[0],   C[1],   H[2],   H[3],  
Charges,    2.0653000000,    2.2552000000,    0.9991000000,    0.9999000000,  
Time[fs],  36.786000,  37.250000,   7.861000,   7.672000,  
Charge Sum,    6.3195000000, 
X Velocity[A/fs],  -0.192079,   0.189971,  -0.828799,   0.845013,  
Y Velocity[A/fs],  -0.005137,  -0.002428,   0.029468,   0.010417, 
Z Velocity[A/fs],   0.006472,  -0.012642,  -0.018506,   0.066697,  
Speed[A/fs],   0.192257,   0.190407,   0.829529,   0.847705,  
 
r_seed=8,   C[0],   C[1],   H[2],   H[3],  
Charges,    2.0653000000,    2.2552000000,    0.9991000000,    0.9999000000,  
Time[fs],  36.112000,  37.913000,   7.889000,   7.722000,  
Charge Sum,    6.3195000000, 
X Velocity[A/fs],  -0.196622,   0.188044,  -0.829408,   0.838911,  
Y Velocity[A/fs],  -0.003537,   0.001978,  -0.008768,  -0.059735, 
Z Velocity[A/fs],  -0.008160,   0.000935,   0.012437,  -0.020317,  
Speed[A/fs],   0.196823,   0.188057,   0.829547,   0.841280,  
 
r_seed=9,   C[0],   C[1],   H[2],   H[3],  
Charges,    2.0653000000,    2.2552000000,    0.9991000000,    0.9999000000,  
Time[fs],  36.574000,  37.697000,   7.884000,   7.735000,  
Charge Sum,    6.3195000000, 
X Velocity[A/fs],  -0.193413,   0.188025,  -0.829406,   0.846012,  
Y Velocity[A/fs],  -0.005996,   0.007943,  -0.034133,   0.007129, 
Z Velocity[A/fs],   0.017467,  -0.010799,  -0.020911,  -0.017572,  
Speed[A/fs],   0.194293,   0.188502,   0.830371,   0.846225,  
 
r_seed=10,   C[0],   C[1],   H[2],   H[3],  
Charges,    2.0653000000,    2.2552000000,    0.9991000000,    0.9999000000,  
Time[fs],  35.731000,  38.294000,   7.818000,   7.756000,  
Charge Sum,    6.3195000000, 
X Velocity[A/fs],  -0.198670,   0.186210,  -0.829627,   0.837547,  
Y Velocity[A/fs],   0.001344,   0.001255,  -0.033044,  -0.042846, 
Z Velocity[A/fs],   0.004506,  -0.012125,   0.002166,   0.043304,  
Speed[A/fs],   0.198726,   0.186608,   0.830287,   0.839759,  
 
r_seed=11,   C[0],   C[1],   H[2],   H[3],  
Charges,    2.0653000000,    2.2552000000,    0.9991000000,    0.9999000000,  
Time[fs],  36.196000,  37.791000,   7.857000,   7.636000,  
Charge Sum,    6.3195000000, 
X Velocity[A/fs],  -0.195161,   0.187636,  -0.830647,   0.843212,  
Y Velocity[A/fs],   0.002247,  -0.004173,  -0.010398,  -0.001498, 
Z Velocity[A/fs],  -0.004863,  -0.005043,   0.054544,   0.002867,  
Speed[A/fs],   0.195235,   0.187751,   0.832501,   0.843218,  
 
r_seed=12,   C[0],   C[1],   H[2],   H[3],  
Charges,    2.0653000000,    2.2552000000,    0.9991000000,    0.9999000000,  
Time[fs],  36.577000,  37.607000,   7.827000,   7.733000,  
Charge Sum,    6.3195000000, 
X Velocity[A/fs],  -0.193423,   0.188366,  -0.828756,   0.845886,  
Y Velocity[A/fs],   0.000640,   0.004538,  -0.010234,   0.036540, 
Z Velocity[A/fs],   0.016966,  -0.013625,  -0.019161,  -0.029364,  
Speed[A/fs],   0.194167,   0.188912,   0.829041,   0.847184,  
 
r_seed=13,   C[0],   C[1],   H[2],   H[3],  
Charges,    2.0653000000,    2.2552000000,    0.9991000000,    0.9999000000,  
Time[fs],  36.342000,  37.825000,   7.934000,   7.731000,  
Charge Sum,    6.3195000000, 
X Velocity[A/fs],  -0.195142,   0.188176,  -0.830263,   0.841821,  
Y Velocity[A/fs],   0.000657,   0.006460,  -0.009532,  -0.023375, 
Z Velocity[A/fs],   0.002412,  -0.012447,   0.039332,   0.023088,  
Speed[A/fs],   0.195158,   0.188698,   0.831249,   0.842462,  
 
r_seed=14,   C[0],   C[1],   H[2],   H[3],  
Charges,    2.0653000000,    2.2552000000,    0.9991000000,    0.9999000000,  
Time[fs],  36.457000,  37.559000,   7.824000,   7.655000,  
Charge Sum,    6.3195000000, 
X Velocity[A/fs],  -0.193693,   0.188457,  -0.830433,   0.844853,  
Y Velocity[A/fs],   0.008392,  -0.009348,   0.006528,   0.032738, 
Z Velocity[A/fs],  -0.000547,  -0.009793,  -0.025271,  -0.003313,  
Speed[A/fs],   0.193875,   0.188942,   0.830843,   0.845494,  
 
r_seed=15,   C[0],   C[1],   H[2],   H[3],  
Charges,    2.0653000000,    2.2552000000,    0.9991000000,    0.9999000000,  
Time[fs],  36.105000,  38.118000,   7.871000,   7.771000,  
Charge Sum,    6.3195000000, 
X Velocity[A/fs],  -0.196457,   0.186751,  -0.830120,   0.840689,  
Y Velocity[A/fs],   0.012483,  -0.007860,   0.004593,  -0.013602, 
Z Velocity[A/fs],   0.013028,  -0.006696,  -0.000194,  -0.052970,  
Speed[A/fs],   0.197284,   0.187036,   0.830133,   0.842466,  
 
r_seed=16,   C[0],   C[1],   H[2],   H[3],  
Charges,    2.0653000000,    2.2552000000,    0.9991000000,    0.9999000000,  
Time[fs],  36.113000,  38.087000,   7.804000,   7.729000,  
Charge Sum,    6.3195000000, 
X Velocity[A/fs],  -0.195642,   0.186046,  -0.831158,   0.844008,  
Y Velocity[A/fs],  -0.019773,   0.010304,   0.023639,   0.013778, 
Z Velocity[A/fs],   0.001611,  -0.009275,   0.018168,   0.012346,  
Speed[A/fs],   0.196645,   0.186562,   0.831692,   0.844211,  
 
r_seed=17,   C[0],   C[1],   H[2],   H[3],  
Charges,    2.0653000000,    2.2552000000,    0.9991000000,    0.9999000000,  
Time[fs],  37.428000,  36.662000,   7.919000,   7.641000,  
Charge Sum,    6.3195000000, 
X Velocity[A/fs],  -0.188778,   0.192644,  -0.827138,   0.850089,  
Y Velocity[A/fs],  -0.006956,   0.003195,   0.037348,  -0.017972, 
Z Velocity[A/fs],  -0.003729,  -0.000311,  -0.017813,  -0.017081,  
Speed[A/fs],   0.188943,   0.192670,   0.828172,   0.850451,  
 
r_seed=18,   C[0],   C[1],   H[2],   H[3],  
Charges,    2.0653000000,    2.2552000000,    0.9991000000,    0.9999000000,  
Time[fs],  36.755000,  37.191000,   7.849000,   7.634000,  
Charge Sum,    6.3195000000, 
X Velocity[A/fs],  -0.192790,   0.190869,  -0.826916,   0.842478,  
Y Velocity[A/fs],  -0.002424,  -0.004708,   0.010972,   0.008424, 
Z Velocity[A/fs],   0.009745,  -0.013666,   0.021734,   0.064975,  
Speed[A/fs],   0.193051,   0.191416,   0.827274,   0.845021,  
 
r_seed=19,   C[0],   C[1],   H[2],   H[3],  
Charges,    2.0653000000,    2.2552000000,    0.9991000000,    0.9999000000,  
Time[fs],  36.420000,  37.768000,   7.884000,   7.726000,  
Charge Sum,    6.3195000000, 
X Velocity[A/fs],  -0.194009,   0.187589,  -0.831240,   0.845553,  
Y Velocity[A/fs],  -0.004262,   0.004741,  -0.038010,   0.004092, 
Z Velocity[A/fs],  -0.004386,   0.010107,  -0.021392,  -0.028272,  
Speed[A/fs],   0.194106,   0.187921,   0.832383,   0.846036,  
 
r_seed=20,   C[0],   C[1],   H[2],   H[3],  
Charges,    2.0653000000,    2.2552000000,    0.9991000000,    0.9999000000,  
Time[fs],  35.896000,  38.104000,   7.794000,   7.724000,  
Charge Sum,    6.3195000000, 
X Velocity[A/fs],  -0.197321,   0.186532,  -0.829857,   0.841238,  
Y Velocity[A/fs],   0.000700,   0.003749,  -0.043725,   0.000884, 
Z Velocity[A/fs],  -0.004764,  -0.006343,   0.012762,  -0.038474,  
Speed[A/fs],   0.197380,   0.186678,   0.831106,   0.842117,  
 
r_seed=21,   C[0],   C[1],   H[2],   H[3],  
Charges,    2.0653000000,    2.2552000000,    0.9991000000,    0.9999000000,  
Time[fs],  36.400000,  37.751000,   7.876000,   7.696000,  
Charge Sum,    6.3195000000, 
X Velocity[A/fs],  -0.194101,   0.187739,  -0.830939,   0.843475,  
Y Velocity[A/fs],   0.001493,  -0.002884,   0.032974,   0.009976, 
Z Velocity[A/fs],   0.011503,  -0.013948,  -0.022986,   0.051556,  
Speed[A/fs],   0.194448,   0.188279,   0.831911,   0.845108,  
 
r_seed=22,   C[0],   C[1],   H[2],   H[3],  
Charges,    2.0653000000,    2.2552000000,    0.9991000000,    0.9999000000,  
Time[fs],  35.516000,  38.781000,   7.795000,   7.780000,  
Charge Sum,    6.3195000000, 
X Velocity[A/fs],  -0.199334,   0.183518,  -0.832486,   0.839270,  
Y Velocity[A/fs],   0.014627,  -0.015123,  -0.011029,  -0.001756, 
Z Velocity[A/fs],  -0.006957,   0.011307,  -0.005523,  -0.009357,  
Speed[A/fs],   0.199991,   0.184487,   0.832577,   0.839324,  
 
r_seed=23,   C[0],   C[1],   H[2],   H[3],  
Charges,    2.0653000000,    2.2552000000,    0.9991000000,    0.9999000000,  
Time[fs],  36.747000,  37.400000,   7.896000,   7.717000,  
Charge Sum,    6.3195000000, 
X Velocity[A/fs],  -0.192941,   0.189923,  -0.827657,   0.842922,  
Y Velocity[A/fs],   0.000449,   0.008647,  -0.010374,   0.034310, 
Z Velocity[A/fs],  -0.011512,   0.016743,   0.013360,  -0.056657,  
Speed[A/fs],   0.193285,   0.190855,   0.827829,   0.845520,  
 
r_seed=24,   C[0],   C[1],   H[2],   H[3],  
Charges,    2.0653000000,    2.2552000000,    0.9991000000,    0.9999000000,  
Time[fs],  36.726000,  37.209000,   7.798000,   7.647000,  
Charge Sum,    6.3195000000, 
X Velocity[A/fs],  -0.192226,   0.189852,  -0.828431,   0.847639,  
Y Velocity[A/fs],   0.009638,  -0.001788,  -0.008545,  -0.014157, 
Z Velocity[A/fs],   0.005824,   0.003088,  -0.042079,   0.009610,  
Speed[A/fs],   0.192556,   0.189885,   0.829542,   0.847812,  
 
r_seed=25,   C[0],   C[1],   H[2],   H[3],  
Charges,    2.0653000000,    2.2552000000,    0.9991000000,    0.9999000000,  
Time[fs],  36.011000,  38.241000,   7.863000,   7.809000,  
Charge Sum,    6.3195000000, 
X Velocity[A/fs],  -0.197030,   0.186163,  -0.830241,   0.842028,  
Y Velocity[A/fs],  -0.012827,   0.000575,   0.009500,   0.030118, 
Z Velocity[A/fs],  -0.008303,   0.012706,   0.013015,  -0.019774,  
Speed[A/fs],   0.197622,   0.186597,   0.830398,   0.842798,  
 
r_seed=26,   C[0],   C[1],   H[2],   H[3],  
Charges,    2.0653000000,    2.2552000000,    0.9991000000,    0.9999000000,  
Time[fs],  35.993000,  38.073000,   7.799000,   7.718000,  
Charge Sum,    6.3195000000, 
X Velocity[A/fs],  -0.196217,   0.186081,  -0.831280,   0.844109,  
Y Velocity[A/fs],  -0.000616,  -0.008602,   0.008036,  -0.013098, 
Z Velocity[A/fs],   0.007863,   0.000380,  -0.046760,   0.014020,  
Speed[A/fs],   0.196375,   0.186281,   0.832633,   0.844327,  
 
r_seed=27,   C[0],   C[1],   H[2],   H[3],  
Charges,    2.0653000000,    2.2552000000,    0.9991000000,    0.9999000000,  
Time[fs],  36.057000,  38.137000,   7.888000,   7.715000,  
Charge Sum,    6.3195000000, 
X Velocity[A/fs],  -0.196323,   0.186440,  -0.831939,   0.841448,  
Y Velocity[A/fs],  -0.010837,   0.011736,   0.020910,   0.016656, 
Z Velocity[A/fs],   0.002171,   0.009177,  -0.011021,   0.003887,  
Speed[A/fs],   0.196634,   0.187034,   0.832275,   0.841622,  
 
r_seed=28,   C[0],   C[1],   H[2],   H[3],  
Charges,    2.0653000000,    2.2552000000,    0.9991000000,    0.9999000000,  
Time[fs],  36.778000,  37.245000,   7.847000,   7.629000,  
Charge Sum,    6.3195000000, 
X Velocity[A/fs],  -0.192494,   0.190392,  -0.826876,   0.843749,  
Y Velocity[A/fs],  -0.004727,   0.002613,   0.030085,  -0.033463, 
Z Velocity[A/fs],  -0.012396,   0.019427,   0.024346,  -0.025825,  
Speed[A/fs],   0.192950,   0.191399,   0.827781,   0.844807,  
 
r_seed=29,   C[0],   C[1],   H[2],   H[3],  
Charges,    2.0653000000,    2.2552000000,    0.9991000000,    0.9999000000,  
Time[fs],  36.750000,  37.330000,   7.874000,   7.692000,  
Charge Sum,    6.3195000000, 
X Velocity[A/fs],  -0.192202,   0.189447,  -0.828978,   0.847977,  
Y Velocity[A/fs],  -0.000445,  -0.005617,   0.052130,   0.010092, 
Z Velocity[A/fs],   0.004864,   0.004569,  -0.017103,   0.016981,  
Speed[A/fs],   0.192264,   0.189585,   0.830791,   0.848207,  
 
r_seed=30,   C[0],   C[1],   H[2],   H[3],  
Charges,    2.0653000000,    2.2552000000,    0.9991000000,    0.9999000000,  
Time[fs],  36.054000,  37.971000,   7.789000,   7.700000,  
Charge Sum,    6.3195000000, 
X Velocity[A/fs],  -0.196291,   0.186976,  -0.830396,   0.841653,  
Y Velocity[A/fs],  -0.002467,   0.012083,   0.024400,  -0.030343, 
Z Velocity[A/fs],  -0.001963,   0.014499,   0.002844,  -0.008795,  
Speed[A/fs],   0.196316,   0.187926,   0.830759,   0.842245,  
 
r_seed=31,   C[0],   C[1],   H[2],   H[3],  
Charges,    2.0653000000,    2.2552000000,    0.9991000000,    0.9999000000,  
Time[fs],  36.737000,  37.312000,   7.890000,   7.661000,  
Charge Sum,    6.3195000000, 
X Velocity[A/fs],  -0.192366,   0.189779,  -0.829071,   0.845318,  
Y Velocity[A/fs],   0.004920,   0.001270,  -0.024125,  -0.000013, 
Z Velocity[A/fs],  -0.004006,   0.008295,  -0.041168,  -0.047718,  
Speed[A/fs],   0.192471,   0.189964,   0.830443,   0.846664,  
 
r_seed=32,   C[0],   C[1],   H[2],   H[3],  
Charges,    2.0653000000,    2.2552000000,    0.9991000000,    0.9999000000,  
Time[fs],  35.868000,  38.240000,   7.821000,   7.790000,  
Charge Sum,    6.3195000000, 
X Velocity[A/fs],  -0.197682,   0.186106,  -0.830229,   0.839846,  
Y Velocity[A/fs],   0.005908,  -0.008752,  -0.027456,   0.070842, 
Z Velocity[A/fs],   0.002041,   0.005800,  -0.006107,   0.010882,  
Speed[A/fs],   0.197781,   0.186402,   0.830705,   0.842899,  
 
r_seed=33,   C[0],   C[1],   H[2],   H[3],  
Charges,    2.0653000000,    2.2552000000,    0.9991000000,    0.9999000000,  
Time[fs],  36.714000,  37.452000,   7.909000,   7.698000,  
Charge Sum,    6.3195000000, 
X Velocity[A/fs],  -0.192908,   0.189444,  -0.826560,   0.844851,  
Y Velocity[A/fs],   0.017477,  -0.011614,  -0.052761,  -0.008802, 
Z Velocity[A/fs],  -0.002190,   0.006373,   0.044617,  -0.021893,  
Speed[A/fs],   0.193710,   0.189907,   0.829443,   0.845180,  
 
r_seed=34,   C[0],   C[1],   H[2],   H[3],  
Charges,    2.0653000000,    2.2552000000,    0.9991000000,    0.9999000000,  
Time[fs],  35.885000,  38.243000,   7.785000,   7.716000,  
Charge Sum,    6.3195000000, 
X Velocity[A/fs],  -0.197109,   0.185679,  -0.831503,   0.840917,  
Y Velocity[A/fs],  -0.013894,   0.008413,  -0.002390,   0.041047, 
Z Velocity[A/fs],  -0.008759,   0.009319,  -0.014019,   0.018419,  
Speed[A/fs],   0.197792,   0.186103,   0.831625,   0.842119,  
 
r_seed=35,   C[0],   C[1],   H[2],   H[3],  
Charges,    2.0653000000,    2.2552000000,    0.9991000000,    0.9999000000,  
Time[fs],  36.017000,  38.229000,   7.852000,   7.799000,  
Charge Sum,    6.3195000000, 
X Velocity[A/fs],  -0.196505,   0.185743,  -0.832176,   0.844434,  
Y Velocity[A/fs],  -0.005354,   0.005056,  -0.007753,  -0.028898, 
Z Velocity[A/fs],   0.006265,   0.000668,   0.014532,   0.016946,  
Speed[A/fs],   0.196678,   0.185813,   0.832339,   0.845098,  
 
r_seed=36,   C[0],   C[1],   H[2],   H[3],  
Charges,    2.0653000000,    2.2552000000,    0.9991000000,    0.9999000000,  
Time[fs],  36.232000,  37.794000,   7.793000,   7.701000,  
Charge Sum,    6.3195000000, 
X Velocity[A/fs],  -0.194679,   0.187102,  -0.832017,   0.844989,  
Y Velocity[A/fs],  -0.001431,  -0.007884,   0.002960,   0.032838, 
Z Velocity[A/fs],  -0.001472,   0.008261,  -0.018838,  -0.034226,  
Speed[A/fs],   0.194690,   0.187450,   0.832236,   0.846319,  
 
r_seed=37,   C[0],   C[1],   H[2],   H[3],  
Charges,    2.0653000000,    2.2552000000,    0.9991000000,    0.9999000000,  
Time[fs],  36.245000,  37.943000,   7.876000,   7.679000,  
Charge Sum,    6.3195000000, 
X Velocity[A/fs],  -0.195196,   0.187209,  -0.831093,   0.841627,  
Y Velocity[A/fs],  -0.006369,   0.008269,   0.016793,  -0.026573, 
Z Velocity[A/fs],  -0.013978,   0.015691,  -0.001092,   0.022247,  
Speed[A/fs],   0.195799,   0.188047,   0.831263,   0.842341,  
 
r_seed=38,   C[0],   C[1],   H[2],   H[3],  
Charges,    2.0653000000,    2.2552000000,    0.9991000000,    0.9999000000,  
Time[fs],  36.506000,  37.492000,   7.766000,   7.739000,  
Charge Sum,    6.3195000000, 
X Velocity[A/fs],  -0.193991,   0.188922,  -0.827856,   0.847193,  
Y Velocity[A/fs],  -0.001976,   0.003294,   0.010634,   0.017512, 
Z Velocity[A/fs],   0.000659,   0.004168,   0.050414,  -0.000341,  
Speed[A/fs],   0.194002,   0.188997,   0.829458,   0.847375,  
 
r_seed=39,   C[0],   C[1],   H[2],   H[3],  
Charges,    2.0653000000,    2.2552000000,    0.9991000000,    0.9999000000,  
Time[fs],  35.445000,  38.801000,   7.841000,   7.788000,  
Charge Sum,    6.3195000000, 
X Velocity[A/fs],  -0.199735,   0.183571,  -0.833435,   0.838867,  
Y Velocity[A/fs],   0.001959,  -0.001426,   0.023984,  -0.026535, 
Z Velocity[A/fs],  -0.004114,   0.011100,  -0.023338,  -0.013743,  
Speed[A/fs],   0.199787,   0.183912,   0.834106,   0.839399,  
 
r_seed=40,   C[0],   C[1],   H[2],   H[3],  
Charges,    2.0653000000,    2.2552000000,    0.9991000000,    0.9999000000,  
Time[fs],  36.453000,  37.642000,   7.803000,   7.681000,  
Charge Sum,    6.3195000000, 
X Velocity[A/fs],  -0.193974,   0.188191,  -0.828685,   0.844458,  
Y Velocity[A/fs],   0.009418,  -0.015198,   0.041056,   0.012826, 
Z Velocity[A/fs],  -0.013316,   0.007667,   0.024549,   0.023702,  
Speed[A/fs],   0.194658,   0.188959,   0.830065,   0.844888,  
 
r_seed=41,   C[0],   C[1],   H[2],   H[3],  
Charges,    2.0653000000,    2.2552000000,    0.9991000000,    0.9999000000,  
Time[fs],  36.508000,  37.542000,   7.871000,   7.686000,  
Charge Sum,    6.3195000000, 
X Velocity[A/fs],  -0.193724,   0.188830,  -0.829651,   0.844793,  
Y Velocity[A/fs],   0.003991,   0.010177,   0.041809,  -0.022051, 
Z Velocity[A/fs],   0.001822,   0.004018,  -0.019636,  -0.008214,  
Speed[A/fs],   0.193773,   0.189147,   0.830936,   0.845121,  
 
r_seed=42,   C[0],   C[1],   H[2],   H[3],  
Charges,    2.0653000000,    2.2552000000,    0.9991000000,    0.9999000000,  
Time[fs],  35.754000,  38.422000,   7.795000,   7.773000,  
Charge Sum,    6.3195000000, 
X Velocity[A/fs],  -0.197711,   0.184700,  -0.831914,   0.842432,  
Y Velocity[A/fs],   0.011964,  -0.001860,  -0.040387,   0.000587, 
Z Velocity[A/fs],  -0.005875,   0.007719,   0.003446,  -0.035769,  
Speed[A/fs],   0.198160,   0.184871,   0.832901,   0.843192,  
 
r_seed=43,   C[0],   C[1],   H[2],   H[3],  
Charges,    2.0653000000,    2.2552000000,    0.9991000000,    0.9999000000,  
Time[fs],  37.007000,  37.135000,   7.892000,   7.680000,  
Charge Sum,    6.3195000000, 
X Velocity[A/fs],  -0.191259,   0.190755,  -0.827150,   0.846687,  
Y Velocity[A/fs],  -0.010355,  -0.000184,  -0.028840,   0.019231, 
Z Velocity[A/fs],  -0.015143,   0.009278,   0.026476,   0.028772,  
Speed[A/fs],   0.192137,   0.190981,   0.828076,   0.847394,  
 
r_seed=44,   C[0],   C[1],   H[2],   H[3],  
Charges,    2.0653000000,    2.2552000000,    0.9991000000,    0.9999000000,  
Time[fs],  35.949000,  37.999000,   7.794000,   7.673000,  
Charge Sum,    6.3195000000, 
X Velocity[A/fs],  -0.196837,   0.186929,  -0.830683,   0.841309,  
Y Velocity[A/fs],  -0.006867,  -0.005778,  -0.019779,  -0.005202, 
Z Velocity[A/fs],   0.003214,   0.001858,  -0.023622,  -0.025637,  
Speed[A/fs],   0.196983,   0.187027,   0.831254,   0.841715,  
 
r_seed=45,   C[0],   C[1],   H[2],   H[3],  
Charges,    2.0653000000,    2.2552000000,    0.9991000000,    0.9999000000,  
Time[fs],  36.553000,  37.582000,   7.858000,   7.735000,  
Charge Sum,    6.3195000000, 
X Velocity[A/fs],  -0.193671,   0.188666,  -0.828348,   0.845169,  
Y Velocity[A/fs],  -0.006066,   0.009589,  -0.036178,   0.048019, 
Z Velocity[A/fs],  -0.007620,   0.004683,   0.031188,   0.030738,  
Speed[A/fs],   0.193916,   0.188968,   0.829724,   0.847090,  
 
r_seed=46,   C[0],   C[1],   H[2],   H[3],  
Charges,    2.0653000000,    2.2552000000,    0.9991000000,    0.9999000000,  
Time[fs],  35.330000,  38.879000,   7.785000,   7.756000,  
Charge Sum,    6.3195000000, 
X Velocity[A/fs],  -0.200093,   0.182964,  -0.833983,   0.838812,  
Y Velocity[A/fs],  -0.002215,   0.001712,  -0.003486,  -0.016998, 
Z Velocity[A/fs],  -0.010798,   0.010077,  -0.028127,   0.005132,  
Speed[A/fs],   0.200396,   0.183249,   0.834464,   0.839000,  
 
r_seed=47,   C[0],   C[1],   H[2],   H[3],  
Charges,    2.0653000000,    2.2552000000,    0.9991000000,    0.9999000000,  
Time[fs],  36.161000,  37.903000,   7.866000,   7.668000,  
Charge Sum,    6.3195000000, 
X Velocity[A/fs],  -0.195348,   0.187173,  -0.832704,   0.841797,  
Y Velocity[A/fs],   0.002804,  -0.010131,  -0.001458,   0.046769, 
Z Velocity[A/fs],   0.001883,   0.004375,   0.004580,  -0.020694,  
Speed[A/fs],   0.195377,   0.187498,   0.832718,   0.843350,  
 
r_seed=48,   C[0],   C[1],   H[2],   H[3],  
Charges,    2.0653000000,    2.2552000000,    0.9991000000,    0.9999000000,  
Time[fs],  36.425000,  37.611000,   7.779000,   7.724000,  
Charge Sum,    6.3195000000, 
X Velocity[A/fs],  -0.194366,   0.188457,  -0.828283,   0.844411,  
Y Velocity[A/fs],  -0.003091,   0.013613,   0.007917,  -0.035878, 
Z Velocity[A/fs],  -0.010709,   0.006904,   0.039505,   0.030473,  
Speed[A/fs],   0.194686,   0.189074,   0.829263,   0.845722,  
 
r_seed=49,   C[0],   C[1],   H[2],   H[3],  
Charges,    2.0653000000,    2.2552000000,    0.9991000000,    0.9999000000,  
Time[fs],  35.797000,  38.395000,   7.835000,   7.745000,  
Charge Sum,    6.3195000000, 
X Velocity[A/fs],  -0.197377,   0.184881,  -0.833404,   0.842271,  
Y Velocity[A/fs],   0.004096,   0.003196,   0.002172,   0.017996, 
Z Velocity[A/fs],   0.013748,  -0.001829,  -0.015852,  -0.008793,  
Speed[A/fs],   0.197898,   0.184917,   0.833558,   0.842509,  
 
r_seed=50,   C[0],   C[1],   H[2],   H[3],  
Charges,    2.0653000000,    2.2552000000,    0.9991000000,    0.9999000000,  
Time[fs],  36.436000,  37.569000,   7.790000,   7.682000,  
Charge Sum,    6.3195000000, 
X Velocity[A/fs],  -0.193967,   0.188461,  -0.829906,   0.844331,  
Y Velocity[A/fs],   0.014534,  -0.004872,   0.015078,  -0.037375, 
Z Velocity[A/fs],   0.000288,   0.005267,   0.011566,  -0.034165,  
Speed[A/fs],   0.194511,   0.188597,   0.830124,   0.845848,  
 
r_seed=51,   C[0],   C[1],   H[2],   H[3],  
Charges,    2.0653000000,    2.2552000000,    0.9991000000,    0.9999000000,  
Time[fs],  35.947000,  38.108000,   7.852000,   7.658000,  
Charge Sum,    6.3195000000, 
X Velocity[A/fs],  -0.196637,   0.186391,  -0.831987,   0.841147,  
Y Velocity[A/fs],   0.005990,  -0.007481,   0.023716,   0.007068, 
Z Velocity[A/fs],  -0.004590,   0.002761,  -0.035852,   0.017259,  
Speed[A/fs],   0.196782,   0.186561,   0.833096,   0.841354,  
 
r_seed=52,   C[0],   C[1],   H[2],   H[3],  
Charges,    2.0653000000,    2.2552000000,    0.9991000000,    0.9999000000,  
Time[fs],  36.272000,  37.892000,   7.830000,   7.730000,  
Charge Sum,    6.3195000000, 
X Velocity[A/fs],  -0.194981,   0.187086,  -0.829090,   0.844061,  
Y Velocity[A/fs],  -0.015972,   0.013007,   0.056907,  -0.032251, 
Z Velocity[A/fs],   0.009218,  -0.001077,   0.004981,  -0.004141,  
Speed[A/fs],   0.195851,   0.187540,   0.831056,   0.844687,  
 
r_seed=53,   C[0],   C[1],   H[2],   H[3],  
Charges,    2.0653000000,    2.2552000000,    0.9991000000,    0.9999000000,  
Time[fs],  37.556000,  36.479000,   7.891000,   7.590000,  
Charge Sum,    6.3195000000, 
X Velocity[A/fs],  -0.188111,   0.193515,  -0.826104,   0.849850,  
Y Velocity[A/fs],  -0.014921,   0.006168,   0.022149,   0.007391, 
Z Velocity[A/fs],   0.001235,   0.001327,   0.000716,  -0.020409,  
Speed[A/fs],   0.188706,   0.193617,   0.826401,   0.850127,  
 
r_seed=54,   C[0],   C[1],   H[2],   H[3],  
Charges,    2.0653000000,    2.2552000000,    0.9991000000,    0.9999000000,  
Time[fs],  35.842000,  38.157000,   7.774000,   7.671000,  
Charge Sum,    6.3195000000, 
X Velocity[A/fs],  -0.197114,   0.185937,  -0.832049,   0.841317,  
Y Velocity[A/fs],   0.001574,  -0.009607,  -0.025234,   0.024108, 
Z Velocity[A/fs],  -0.009474,   0.004548,  -0.005706,   0.013455,  
Speed[A/fs],   0.197348,   0.186240,   0.832451,   0.841770,  
 
r_seed=55,   C[0],   C[1],   H[2],   H[3],  
Charges,    2.0653000000,    2.2552000000,    0.9991000000,    0.9999000000,  
Time[fs],  37.287000,  36.877000,   7.887000,   7.656000,  
Charge Sum,    6.3195000000, 
X Velocity[A/fs],  -0.189405,   0.191501,  -0.827968,   0.849505,  
Y Velocity[A/fs],  -0.005420,   0.007676,  -0.005744,   0.026392, 
Z Velocity[A/fs],   0.013339,  -0.011306,  -0.003612,  -0.016866,  
Speed[A/fs],   0.189952,   0.191988,   0.827996,   0.850082,  
 
r_seed=56,   C[0],   C[1],   H[2],   H[3],  
Charges,    2.0653000000,    2.2552000000,    0.9991000000,    0.9999000000,  
Time[fs],  35.663000,  38.416000,   7.788000,   7.728000,  
Charge Sum,    6.3195000000, 
X Velocity[A/fs],  -0.197954,   0.184659,  -0.833468,   0.840949,  
Y Velocity[A/fs],  -0.000567,   0.002076,  -0.025411,   0.047254, 
Z Velocity[A/fs],   0.001020,  -0.000808,  -0.014256,   0.031591,  
Speed[A/fs],   0.197958,   0.184672,   0.833977,   0.842868,  
 
r_seed=57,   C[0],   C[1],   H[2],   H[3],  
Charges,    2.0653000000,    2.2552000000,    0.9991000000,    0.9999000000,  
Time[fs],  36.352000,  37.758000,   7.859000,   7.667000,  
Charge Sum,    6.3195000000, 
X Velocity[A/fs],  -0.194190,   0.187581,  -0.831941,   0.844128,  
Y Velocity[A/fs],   0.002916,  -0.001208,  -0.006392,  -0.034526, 
Z Velocity[A/fs],  -0.015546,   0.006843,   0.011663,   0.000114,  
Speed[A/fs],   0.194833,   0.187710,   0.832048,   0.844834,  
 
r_seed=58,   C[0],   C[1],   H[2],   H[3],  
Charges,    2.0653000000,    2.2552000000,    0.9991000000,    0.9999000000,  
Time[fs],  36.075000,  37.902000,   7.804000,   7.687000,  
Charge Sum,    6.3195000000, 
X Velocity[A/fs],  -0.196536,   0.187612,  -0.827451,   0.841178,  
Y Velocity[A/fs],   0.008300,  -0.011321,  -0.002336,  -0.017682, 
Z Velocity[A/fs],   0.009998,  -0.002388,  -0.061397,   0.000623,  
Speed[A/fs],   0.196965,   0.187968,   0.829729,   0.841364,  
 
r_seed=59,   C[0],   C[1],   H[2],   H[3],  
Charges,    2.0653000000,    2.2552000000,    0.9991000000,    0.9999000000,  
Time[fs],  35.918000,  38.201000,   7.828000,   7.731000,  
Charge Sum,    6.3195000000, 
X Velocity[A/fs],  -0.196637,   0.185665,  -0.833174,   0.842074,  
Y Velocity[A/fs],   0.010277,   0.002223,   0.001050,  -0.039126, 
Z Velocity[A/fs],   0.000597,  -0.001491,  -0.011232,   0.035295,  
Speed[A/fs],   0.196906,   0.185684,   0.833251,   0.843722,  
 
r_seed=60,   C[0],   C[1],   H[2],   H[3],  
Charges,    2.0653000000,    2.2552000000,    0.9991000000,    0.9999000000,  
Time[fs],  36.903000,  37.040000,   7.812000,   7.623000,  
Charge Sum,    6.3195000000, 
X Velocity[A/fs],  -0.191364,   0.190726,  -0.827551,   0.847737,  
Y Velocity[A/fs],   0.003366,  -0.000376,   0.017965,   0.016261, 
Z Velocity[A/fs],  -0.014412,   0.004619,   0.040329,  -0.003970,  
Speed[A/fs],   0.191936,   0.190783,   0.828727,   0.847903,  
 
r_seed=61,   C[0],   C[1],   H[2],   H[3],  
Charges,    2.0653000000,    2.2552000000,    0.9991000000,    0.9999000000,  
Time[fs],  35.679000,  38.545000,   7.836000,   7.779000,  
Charge Sum,    6.3195000000, 
X Velocity[A/fs],  -0.198120,   0.184299,  -0.833630,   0.841525,  
Y Velocity[A/fs],  -0.007013,   0.000816,   0.013774,  -0.024975, 
Z Velocity[A/fs],   0.007069,  -0.001059,  -0.019608,  -0.032836,  
Speed[A/fs],   0.198370,   0.184304,   0.833974,   0.842536,  
 
r_seed=62,   C[0],   C[1],   H[2],   H[3],  
Charges,    2.0653000000,    2.2552000000,    0.9991000000,    0.9999000000,  
Time[fs],  36.441000,  37.509000,   7.765000,   7.692000,  
Charge Sum,    6.3195000000, 
X Velocity[A/fs],  -0.193934,   0.188604,  -0.829568,   0.846310,  
Y Velocity[A/fs],  -0.006039,  -0.010085,   0.027480,   0.012279, 
Z Velocity[A/fs],  -0.000748,  -0.001067,   0.009254,   0.019756,  
Speed[A/fs],   0.194029,   0.188877,   0.830075,   0.846630,  
 
r_seed=63,   C[0],   C[1],   H[2],   H[3],  
Charges,    2.0653000000,    2.2552000000,    0.9991000000,    0.9999000000,  
Time[fs],  36.505000,  37.611000,   7.870000,   7.697000,  
Charge Sum,    6.3195000000, 
X Velocity[A/fs],  -0.194076,   0.188828,  -0.828036,   0.842626,  
Y Velocity[A/fs],  -0.009134,   0.016618,   0.043531,  -0.039568, 
Z Velocity[A/fs],  -0.012132,   0.004465,  -0.015568,  -0.011322,  
Speed[A/fs],   0.194670,   0.189611,   0.829326,   0.843631,  
 
r_seed=64,   C[0],   C[1],   H[2],   H[3],  
Charges,    2.0653000000,    2.2552000000,    0.9991000000,    0.9999000000,  
Time[fs],  36.095000,  37.880000,   7.796000,   7.680000,  
Charge Sum,    6.3195000000, 
X Velocity[A/fs],  -0.195783,   0.187107,  -0.829594,   0.842959,  
Y Velocity[A/fs],  -0.005025,   0.000804,   0.064141,  -0.000990, 
Z Velocity[A/fs],   0.007059,  -0.006464,  -0.010922,   0.038848,  
Speed[A/fs],   0.195975,   0.187220,   0.832142,   0.843855,  
 
r_seed=65,   C[0],   C[1],   H[2],   H[3],  
Charges,    2.0653000000,    2.2552000000,    0.9991000000,    0.9999000000,  
Time[fs],  36.792000,  37.351000,   7.887000,   7.730000,  
Charge Sum,    6.3195000000, 
X Velocity[A/fs],  -0.192222,   0.189506,  -0.828045,   0.848160,  
Y Velocity[A/fs],   0.003272,  -0.008173,  -0.022805,   0.030694, 
Z Velocity[A/fs],  -0.003100,  -0.001975,   0.056714,   0.011097,  
Speed[A/fs],   0.192274,   0.189692,   0.830298,   0.848788,  
 
r_seed=66,   C[0],   C[1],   H[2],   H[3],  
Charges,    2.0653000000,    2.2552000000,    0.9991000000,    0.9999000000,  
Time[fs],  35.796000,  38.305000,   7.799000,   7.716000,  
Charge Sum,    6.3195000000, 
X Velocity[A/fs],  -0.197263,   0.185146,  -0.832991,   0.842272,  
Y Velocity[A/fs],   0.001818,   0.008815,  -0.022506,  -0.006867, 
Z Velocity[A/fs],  -0.009741,   0.002607,  -0.015042,  -0.017395,  
Speed[A/fs],   0.197512,   0.185375,   0.833430,   0.842480,  
 
r_seed=67,   C[0],   C[1],   H[2],   H[3],  
Charges,    2.0653000000,    2.2552000000,    0.9991000000,    0.9999000000,  
Time[fs],  36.834000,  37.125000,   7.865000,   7.626000,  
Charge Sum,    6.3195000000, 
X Velocity[A/fs],  -0.191867,   0.190672,  -0.828596,   0.845227,  
Y Velocity[A/fs],   0.002534,   0.002218,  -0.024581,   0.050838, 
Z Velocity[A/fs],   0.004629,  -0.004823,   0.013266,   0.032262,  
Speed[A/fs],   0.191939,   0.190746,   0.829066,   0.847369,  
 
r_seed=68,   C[0],   C[1],   H[2],   H[3],  
Charges,    2.0653000000,    2.2552000000,    0.9991000000,    0.9999000000,  
Time[fs],  35.707000,  38.388000,   7.775000,   7.788000,  
Charge Sum,    6.3195000000, 
X Velocity[A/fs],  -0.198585,   0.185367,  -0.829866,   0.840819,  
Y Velocity[A/fs],   0.011928,  -0.003618,  -0.028814,  -0.033525, 
Z Velocity[A/fs],   0.001318,  -0.003231,  -0.035249,  -0.000405,  
Speed[A/fs],   0.198948,   0.185430,   0.831114,   0.841487,  
 
r_seed=69,   C[0],   C[1],   H[2],   H[3],  
Charges,    2.0653000000,    2.2552000000,    0.9991000000,    0.9999000000,  
Time[fs],  36.593000,  37.607000,   7.869000,   7.698000,  
Charge Sum,    6.3195000000, 
X Velocity[A/fs],  -0.193187,   0.188399,  -0.830005,   0.845039,  
Y Velocity[A/fs],   0.017277,  -0.009836,  -0.006992,  -0.028637, 
Z Velocity[A/fs],  -0.011758,   0.004114,   0.006090,  -0.022489,  
Speed[A/fs],   0.194314,   0.188701,   0.830057,   0.845823,  
 
r_seed=70,   C[0],   C[1],   H[2],   H[3],  
Charges,    2.0653000000,    2.2552000000,    0.9991000000,    0.9999000000,  
Time[fs],  35.531000,  38.547000,   7.802000,   7.728000,  
Charge Sum,    6.3195000000, 
X Velocity[A/fs],  -0.199533,   0.184961,  -0.831355,   0.836938,  
Y Velocity[A/fs],  -0.010604,   0.012360,   0.005567,  -0.032678, 
Z Velocity[A/fs],   0.004575,  -0.006259,   0.014401,   0.027160,  
Speed[A/fs],   0.199867,   0.185479,   0.831498,   0.838016,  
 
r_seed=71,   C[0],   C[1],   H[2],   H[3],  
Charges,    2.0653000000,    2.2552000000,    0.9991000000,    0.9999000000,  
Time[fs],  35.918000,  38.155000,   7.826000,   7.689000,  
Charge Sum,    6.3195000000, 
X Velocity[A/fs],  -0.196319,   0.185631,  -0.833663,   0.842994,  
Y Velocity[A/fs],   0.000028,  -0.000321,  -0.029418,  -0.009021, 
Z Velocity[A/fs],  -0.000348,   0.004860,  -0.019771,  -0.032581,  
Speed[A/fs],   0.196319,   0.185695,   0.834417,   0.843672,  
 
r_seed=72,   C[0],   C[1],   H[2],   H[3],  
Charges,    2.0653000000,    2.2552000000,    0.9991000000,    0.9999000000,  
Time[fs],  36.431000,  37.637000,   7.787000,   7.719000,  
Charge Sum,    6.3195000000, 
X Velocity[A/fs],  -0.194132,   0.188172,  -0.829199,   0.844906,  
Y Velocity[A/fs],  -0.008373,   0.003044,   0.029398,  -0.028719, 
Z Velocity[A/fs],   0.013197,  -0.009850,   0.014851,   0.040905,  
Speed[A/fs],   0.194760,   0.188454,   0.829852,   0.846383,  
 
r_seed=73,   C[0],   C[1],   H[2],   H[3],  
Charges,    2.0653000000,    2.2552000000,    0.9991000000,    0.9999000000,  
Time[fs],  36.209000,  37.900000,   7.863000,   7.699000,  
Charge Sum,    6.3195000000, 
X Velocity[A/fs],  -0.195593,   0.187468,  -0.828386,   0.842086,  
Y Velocity[A/fs],   0.000233,  -0.010709,   0.026484,   0.011503, 
Z Velocity[A/fs],   0.011420,  -0.014022,  -0.057120,   0.009948,  
Speed[A/fs],   0.195927,   0.188297,   0.830775,   0.842223,  
 
r_seed=74,   C[0],   C[1],   H[2],   H[3],  
Charges,    2.0653000000,    2.2552000000,    0.9991000000,    0.9999000000,  
Time[fs],  36.419000,  37.457000,   7.796000,   7.608000,  
Charge Sum,    6.3195000000, 
X Velocity[A/fs],  -0.193861,   0.188946,  -0.830118,   0.844371,  
Y Velocity[A/fs],  -0.003359,   0.006373,   0.030028,  -0.034956, 
Z Velocity[A/fs],  -0.001077,  -0.002097,   0.003076,  -0.016171,  
Speed[A/fs],   0.193894,   0.189066,   0.830666,   0.845249,  
 
r_seed=75,   C[0],   C[1],   H[2],   H[3],  
Charges,    2.0653000000,    2.2552000000,    0.9991000000,    0.9999000000,  
Time[fs],  36.027000,  38.173000,   7.863000,   7.760000,  
Charge Sum,    6.3195000000, 
X Velocity[A/fs],  -0.196773,   0.186405,  -0.829710,   0.840800,  
Y Velocity[A/fs],   0.001491,  -0.002393,   0.047626,  -0.001302, 
Z Velocity[A/fs],   0.014374,  -0.013677,   0.023680,   0.042534,  
Speed[A/fs],   0.197303,   0.186922,   0.831413,   0.841876,  
 
r_seed=76,   C[0],   C[1],   H[2],   H[3],  
Charges,    2.0653000000,    2.2552000000,    0.9991000000,    0.9999000000,  
Time[fs],  36.743000,  37.292000,   7.863000,   7.712000,  
Charge Sum,    6.3195000000, 
X Velocity[A/fs],  -0.193392,   0.190714,  -0.825266,   0.843964,  
Y Velocity[A/fs],   0.006707,  -0.014692,   0.014573,  -0.009930, 
Z Velocity[A/fs],  -0.005270,  -0.013834,   0.026753,   0.008596,  
Speed[A/fs],   0.193580,   0.191779,   0.825828,   0.844067,  
 
r_seed=77,   C[0],   C[1],   H[2],   H[3],  
Charges,    2.0653000000,    2.2552000000,    0.9991000000,    0.9999000000,  
Time[fs],  37.255000,  36.713000,   7.866000,   7.610000,  
Charge Sum,    6.3195000000, 
X Velocity[A/fs],  -0.189478,   0.192243,  -0.827627,   0.849315,  
Y Velocity[A/fs],   0.006024,   0.002771,  -0.021415,  -0.007505, 
Z Velocity[A/fs],  -0.000737,  -0.004053,   0.010622,  -0.031205,  
Speed[A/fs],   0.189575,   0.192305,   0.827972,   0.849922,  
 
r_seed=78,   C[0],   C[1],   H[2],   H[3],  
Charges,    2.0653000000,    2.2552000000,    0.9991000000,    0.9999000000,  
Time[fs],  36.347000,  37.736000,   7.811000,   7.732000,  
Charge Sum,    6.3195000000, 
X Velocity[A/fs],  -0.194947,   0.188068,  -0.827088,   0.843708,  
Y Velocity[A/fs],   0.013228,  -0.002952,  -0.024214,   0.007276, 
Z Velocity[A/fs],   0.014577,  -0.009124,  -0.049484,   0.037798,  
Speed[A/fs],   0.195939,   0.188312,   0.828920,   0.844585,  
 
r_seed=79,   C[0],   C[1],   H[2],   H[3],  
Charges,    2.0653000000,    2.2552000000,    0.9991000000,    0.9999000000,  
Time[fs],  36.270000,  37.843000,   7.849000,   7.703000,  
Charge Sum,    6.3195000000, 
X Velocity[A/fs],  -0.194619,   0.187116,  -0.832409,   0.844750,  
Y Velocity[A/fs],  -0.004661,  -0.000030,  -0.019342,  -0.038969, 
Z Velocity[A/fs],   0.004013,  -0.008246,   0.006688,  -0.007168,  
Speed[A/fs],   0.194716,   0.187297,   0.832661,   0.845679,  
 
r_seed=80,   C[0],   C[1],   H[2],   H[3],  
Charges,    2.0653000000,    2.2552000000,    0.9991000000,    0.9999000000,  
Time[fs],  36.239000,  37.710000,   7.822000,   7.690000,  
Charge Sum,    6.3195000000, 
X Velocity[A/fs],  -0.195474,   0.188410,  -0.829300,   0.840508,  
Y Velocity[A/fs],  -0.002206,  -0.012264,   0.003738,   0.053097, 
Z Velocity[A/fs],  -0.002725,   0.000671,   0.018926,  -0.046767,  
Speed[A/fs],   0.195505,   0.188810,   0.829525,   0.843481,  
 
r_seed=81,   C[0],   C[1],   H[2],   H[3],  
Charges,    2.0653000000,    2.2552000000,    0.9991000000,    0.9999000000,  
Time[fs],  35.563000,  38.538000,   7.799000,   7.725000,  
Charge Sum,    6.3195000000, 
X Velocity[A/fs],  -0.198513,   0.184176,  -0.833348,   0.840602,  
Y Velocity[A/fs],   0.003308,  -0.000416,  -0.037422,   0.030559, 
Z Velocity[A/fs],   0.003178,  -0.001971,  -0.026427,   0.028659,  
Speed[A/fs],   0.198566,   0.184187,   0.834606,   0.841645,  
 
r_seed=82,   C[0],   C[1],   H[2],   H[3],  
Charges,    2.0653000000,    2.2552000000,    0.9991000000,    0.9999000000,  
Time[fs],  35.496000,  38.626000,   7.757000,   7.756000,  
Charge Sum,    6.3195000000, 
X Velocity[A/fs],  -0.199422,   0.184155,  -0.832354,   0.839629,  
Y Velocity[A/fs],  -0.002009,   0.000192,   0.009203,   0.014987, 
Z Velocity[A/fs],   0.005267,  -0.014891,   0.019380,  -0.013591,  
Speed[A/fs],   0.199502,   0.184756,   0.832631,   0.839873,  
 
r_seed=83,   C[0],   C[1],   H[2],   H[3],  
Charges,    2.0653000000,    2.2552000000,    0.9991000000,    0.9999000000,  
Time[fs],  36.689000,  37.287000,   7.891000,   7.652000,  
Charge Sum,    6.3195000000, 
X Velocity[A/fs],  -0.193061,   0.190425,  -0.828222,   0.842437,  
Y Velocity[A/fs],   0.000919,  -0.004507,   0.024892,  -0.038171, 
Z Velocity[A/fs],  -0.000662,  -0.007920,  -0.014943,   0.057729,  
Speed[A/fs],   0.193064,   0.190643,   0.828731,   0.845275,  
 
r_seed=84,   C[0],   C[1],   H[2],   H[3],  
Charges,    2.0653000000,    2.2552000000,    0.9991000000,    0.9999000000,  
Time[fs],  36.716000,  37.345000,   7.812000,   7.682000,  
Charge Sum,    6.3195000000, 
X Velocity[A/fs],  -0.192377,   0.189322,  -0.829346,   0.846693,  
Y Velocity[A/fs],  -0.001898,   0.007341,   0.005452,   0.047798, 
Z Velocity[A/fs],   0.010454,  -0.011932,  -0.000014,   0.012307,  
Speed[A/fs],   0.192670,   0.189840,   0.829364,   0.848130,  
 
r_seed=85,   C[0],   C[1],   H[2],   H[3],  
Charges,    2.0653000000,    2.2552000000,    0.9991000000,    0.9999000000,  
Time[fs],  36.016000,  38.061000,   7.862000,   7.744000,  
Charge Sum,    6.3195000000, 
X Velocity[A/fs],  -0.196834,   0.186923,  -0.828877,   0.841188,  
Y Velocity[A/fs],  -0.001896,   0.005374,   0.022559,   0.034471, 
Z Velocity[A/fs],  -0.001256,  -0.004247,   0.063123,  -0.030880,  
Speed[A/fs],   0.196847,   0.187048,   0.831583,   0.842460,  
 
r_seed=86,   C[0],   C[1],   H[2],   H[3],  
Charges,    2.0653000000,    2.2552000000,    0.9991000000,    0.9999000000,  
Time[fs],  36.080000,  38.005000,   7.830000,   7.735000,  
Charge Sum,    6.3195000000, 
X Velocity[A/fs],  -0.196696,   0.187386,  -0.828873,   0.838796,  
Y Velocity[A/fs],   0.007462,  -0.018223,   0.012843,   0.060829, 
Z Velocity[A/fs],  -0.005473,   0.011935,  -0.002911,  -0.005804,  
Speed[A/fs],   0.196913,   0.188648,   0.828978,   0.841019,  
 
r_seed=87,   C[0],   C[1],   H[2],   H[3],  
Charges,    2.0653000000,    2.2552000000,    0.9991000000,    0.9999000000,  
Time[fs],  36.173000,  37.957000,   7.853000,   7.686000,  
Charge Sum,    6.3195000000, 
X Velocity[A/fs],  -0.195634,   0.187091,  -0.828890,   0.841824,  
Y Velocity[A/fs],   0.016269,  -0.012151,  -0.055144,   0.025224, 
Z Velocity[A/fs],   0.008236,  -0.007573,   0.023054,  -0.004103,  
Speed[A/fs],   0.196482,   0.187638,   0.831043,   0.842211,  
 
r_seed=88,   C[0],   C[1],   H[2],   H[3],  
Charges,    2.0653000000,    2.2552000000,    0.9991000000,    0.9999000000,  
Time[fs],  36.319000,  37.785000,   7.797000,   7.762000,  
Charge Sum,    6.3195000000, 
X Velocity[A/fs],  -0.195075,   0.187790,  -0.828982,   0.844365,  
Y Velocity[A/fs],  -0.006845,   0.011482,  -0.011227,  -0.010820, 
Z Velocity[A/fs],   0.003184,  -0.007058,  -0.020598,  -0.050591,  
Speed[A/fs],   0.195221,   0.188273,   0.829314,   0.845949,  
 
r_seed=89,   C[0],   C[1],   H[2],   H[3],  
Charges,    2.0653000000,    2.2552000000,    0.9991000000,    0.9999000000,  
Time[fs],  36.635000,  37.431000,   7.845000,   7.671000,  
Charge Sum,    6.3195000000, 
X Velocity[A/fs],  -0.192442,   0.188681,  -0.831383,   0.847833,  
Y Velocity[A/fs],  -0.008067,   0.005332,  -0.019297,   0.014139, 
Z Velocity[A/fs],  -0.003743,  -0.003905,   0.011676,   0.013860,  
Speed[A/fs],   0.192648,   0.188796,   0.831689,   0.848064,  
 
r_seed=90,   C[0],   C[1],   H[2],   H[3],  
Charges,    2.0653000000,    2.2552000000,    0.9991000000,    0.9999000000,  
Time[fs],  36.204000,  37.912000,   7.834000,   7.750000,  
Charge Sum,    6.3195000000, 
X Velocity[A/fs],  -0.195630,   0.187312,  -0.828764,   0.841821,  
Y Velocity[A/fs],  -0.004887,  -0.001263,  -0.013589,   0.035035, 
Z Velocity[A/fs],   0.011884,  -0.013805,  -0.048536,   0.055071,  
Speed[A/fs],   0.196051,   0.187824,   0.830295,   0.844348,  
 
r_seed=91,   C[0],   C[1],   H[2],   H[3],  
Charges,    2.0653000000,    2.2552000000,    0.9991000000,    0.9999000000,  
Time[fs],  35.942000,  37.936000,   7.842000,   7.672000,  
Charge Sum,    6.3195000000, 
X Velocity[A/fs],  -0.197739,   0.188132,  -0.827620,   0.838427,  
Y Velocity[A/fs],   0.008040,  -0.002091,  -0.026908,   0.012358, 
Z Velocity[A/fs],  -0.006666,  -0.001370,   0.026375,   0.022510,  
Speed[A/fs],   0.198015,   0.188149,   0.828478,   0.838820,  
 
r_seed=92,   C[0],   C[1],   H[2],   H[3],  
Charges,    2.0653000000,    2.2552000000,    0.9991000000,    0.9999000000,  
Time[fs],  35.580000,  38.467000,   7.768000,   7.749000,  
Charge Sum,    6.3195000000, 
X Velocity[A/fs],  -0.198962,   0.184881,  -0.831440,   0.839340,  
Y Velocity[A/fs],  -0.002498,   0.007999,   0.000400,  -0.043045, 
Z Velocity[A/fs],  -0.003004,  -0.007660,   0.041831,   0.009014,  
Speed[A/fs],   0.199000,   0.185213,   0.832491,   0.840491,  
 
r_seed=93,   C[0],   C[1],   H[2],   H[3],  
Charges,    2.0653000000,    2.2552000000,    0.9991000000,    0.9999000000,  
Time[fs],  36.579000,  37.532000,   7.860000,   7.682000,  
Charge Sum,    6.3195000000, 
X Velocity[A/fs],  -0.193539,   0.189013,  -0.828249,   0.844260,  
Y Velocity[A/fs],   0.010819,  -0.017542,  -0.030439,  -0.028658, 
Z Velocity[A/fs],   0.003700,   0.000460,   0.026528,   0.013075,  
Speed[A/fs],   0.193877,   0.189826,   0.829232,   0.844847,  
 
r_seed=94,   C[0],   C[1],   H[2],   H[3],  
Charges,    2.0653000000,    2.2552000000,    0.9991000000,    0.9999000000,  
Time[fs],  35.700000,  38.564000,   7.840000,   7.797000,  
Charge Sum,    6.3195000000, 
X Velocity[A/fs],  -0.198163,   0.184305,  -0.833198,   0.841991,  
Y Velocity[A/fs],   0.009108,  -0.005397,   0.009880,   0.015434, 
Z Velocity[A/fs],   0.000215,  -0.005945,  -0.027317,   0.026560,  
Speed[A/fs],   0.198372,   0.184480,   0.833704,   0.842551,  
 
r_seed=95,   C[0],   C[1],   H[2],   H[3],  
Charges,    2.0653000000,    2.2552000000,    0.9991000000,    0.9999000000,  
Time[fs],  36.893000,  37.313000,   7.904000,   7.681000,  
Charge Sum,    6.3195000000, 
X Velocity[A/fs],  -0.191630,   0.189750,  -0.828296,   0.846808,  
Y Velocity[A/fs],   0.013365,  -0.017797,  -0.037862,   0.003366, 
Z Velocity[A/fs],   0.005582,  -0.000439,  -0.023419,   0.009864,  
Speed[A/fs],   0.192176,   0.190583,   0.829491,   0.846873,  
 
r_seed=96,   C[0],   C[1],   H[2],   H[3],  
Charges,    2.0653000000,    2.2552000000,    0.9991000000,    0.9999000000,  
Time[fs],  36.545000,  37.610000,   7.873000,   7.801000,  
Charge Sum,    6.3195000000, 
X Velocity[A/fs],  -0.194759,   0.189449,  -0.825322,   0.843140,  
Y Velocity[A/fs],   0.012578,  -0.016790,   0.009835,   0.021589, 
Z Velocity[A/fs],  -0.000384,   0.004720,   0.038571,  -0.036941,  
Speed[A/fs],   0.195165,   0.190250,   0.826281,   0.844225,  
 
r_seed=97,   C[0],   C[1],   H[2],   H[3],  
Charges,    2.0653000000,    2.2552000000,    0.9991000000,    0.9999000000,  
Time[fs],  36.392000,  37.567000,   7.851000,   7.622000,  
Charge Sum,    6.3195000000, 
X Velocity[A/fs],  -0.194509,   0.189004,  -0.828758,   0.842733,  
Y Velocity[A/fs],  -0.014142,   0.002295,   0.031882,  -0.001968, 
Z Velocity[A/fs],   0.000096,  -0.009594,   0.014066,   0.013804,  
Speed[A/fs],   0.195022,   0.189261,   0.829490,   0.842849,  
 
r_seed=98,   C[0],   C[1],   H[2],   H[3],  
Charges,    2.0653000000,    2.2552000000,    0.9991000000,    0.9999000000,  
Time[fs],  36.671000,  37.240000,   7.783000,   7.652000,  
Charge Sum,    6.3195000000, 
X Velocity[A/fs],  -0.192966,   0.190134,  -0.827620,   0.845992,  
Y Velocity[A/fs],   0.001434,  -0.012343,  -0.029072,  -0.006673, 
Z Velocity[A/fs],   0.002758,   0.003748,  -0.021287,   0.007163,  
Speed[A/fs],   0.192991,   0.190571,   0.828404,   0.846049,  
 
r_seed=99,   C[0],   C[1],   H[2],   H[3],  
Charges,    2.0653000000,    2.2552000000,    0.9991000000,    0.9999000000,  
Time[fs],  35.645000,  38.496000,   7.835000,   7.736000,  
Charge Sum,    6.3195000000, 
X Velocity[A/fs],  -0.198546,   0.184807,  -0.831870,   0.839928,  
Y Velocity[A/fs],  -0.004544,   0.006186,  -0.048680,  -0.008606, 
Z Velocity[A/fs],  -0.002124,   0.009295,   0.017163,   0.009700,  
Speed[A/fs],   0.198609,   0.185144,   0.833470,   0.840028,  
 
r_seed=100,   C[0],   C[1],   H[2],   H[3],  
Charges,    2.0653000000,    2.2552000000,    0.9991000000,    0.9999000000,  
Time[fs],  36.327000,  37.658000,   7.815000,   7.672000,  
Charge Sum,    6.3195000000, 
X Velocity[A/fs],  -0.194564,   0.188082,  -0.828342,   0.844733,  
Y Velocity[A/fs],  -0.004249,   0.002619,  -0.050933,   0.011339, 
Z Velocity[A/fs],  -0.009420,   0.004401,   0.051518,   0.005974,  
Speed[A/fs],   0.194839,   0.188151,   0.831504,   0.844830,  
 
r_seed=101,   C[0],   C[1],   H[2],   H[3],  
Charges,    2.0653000000,    2.2552000000,    0.9991000000,    0.9999000000,  
Time[fs],  37.111000,  36.931000,   7.844000,   7.694000,  
Charge Sum,    6.3195000000, 
X Velocity[A/fs],  -0.191467,   0.192241,  -0.822243,   0.845457,  
Y Velocity[A/fs],   0.011105,  -0.011861,  -0.014418,   0.033095, 
Z Velocity[A/fs],   0.018323,  -0.006534,  -0.052025,  -0.005307,  
Speed[A/fs],   0.192662,   0.192717,   0.824014,   0.846121,  
 
r_seed=102,   C[0],   C[1],   H[2],   H[3],  
Charges,    2.0653000000,    2.2552000000,    0.9991000000,    0.9999000000,  
Time[fs],  36.096000,  37.984000,   7.785000,   7.719000,  
Charge Sum,    6.3195000000, 
X Velocity[A/fs],  -0.196026,   0.186786,  -0.830379,   0.843219,  
Y Velocity[A/fs],  -0.002709,   0.011794,  -0.012656,   0.022704, 
Z Velocity[A/fs],  -0.004885,   0.013186,   0.022653,   0.010463,  
Speed[A/fs],   0.196106,   0.187622,   0.830784,   0.843589,  
 
r_seed=103,   C[0],   C[1],   H[2],   H[3],  
Charges,    2.0653000000,    2.2552000000,    0.9991000000,    0.9999000000,  
Time[fs],  36.919000,  37.134000,   7.864000,   7.652000,  
Charge Sum,    6.3195000000, 
X Velocity[A/fs],  -0.191485,   0.190619,  -0.828222,   0.845249,  
Y Velocity[A/fs],   0.008122,   0.001790,  -0.010588,  -0.060928, 
Z Velocity[A/fs],  -0.010262,   0.012838,  -0.010771,  -0.003657,  
Speed[A/fs],   0.191931,   0.191059,   0.828360,   0.847450,  
 
r_seed=104,   C[0],   C[1],   H[2],   H[3],  
Charges,    2.0653000000,    2.2552000000,    0.9991000000,    0.9999000000,  
Time[fs],  35.751000,  38.461000,   7.804000,   7.815000,  
Charge Sum,    6.3195000000, 
X Velocity[A/fs],  -0.198036,   0.184789,  -0.832174,   0.841917,  
Y Velocity[A/fs],   0.003793,  -0.002888,   0.001962,   0.011411, 
Z Velocity[A/fs],  -0.001711,   0.012124,   0.004858,  -0.049137,  
Speed[A/fs],   0.198080,   0.185209,   0.832191,   0.843427,  
 
r_seed=105,   C[0],   C[1],   H[2],   H[3],  
Charges,    2.0653000000,    2.2552000000,    0.9991000000,    0.9999000000,  
Time[fs],  36.554000,  37.562000,   7.857000,   7.715000,  
Charge Sum,    6.3195000000, 
X Velocity[A/fs],  -0.193590,   0.188711,  -0.828103,   0.845068,  
Y Velocity[A/fs],   0.011686,  -0.009190,   0.009276,  -0.044390, 
Z Velocity[A/fs],   0.000536,   0.005495,  -0.054122,   0.015474,  
Speed[A/fs],   0.193943,   0.189014,   0.829922,   0.846375,  
 
r_seed=106,   C[0],   C[1],   H[2],   H[3],  
Charges,    2.0653000000,    2.2552000000,    0.9991000000,    0.9999000000,  
Time[fs],  37.414000,  36.741000,   7.909000,   7.669000,  
Charge Sum,    6.3195000000, 
X Velocity[A/fs],  -0.189260,   0.192619,  -0.825798,   0.848862,  
Y Velocity[A/fs],  -0.011085,   0.014491,   0.005011,  -0.016279, 
Z Velocity[A/fs],  -0.008961,  -0.007770,   0.016828,  -0.000095,  
Speed[A/fs],   0.189796,   0.193319,   0.825985,   0.849018,  
 
r_seed=107,   C[0],   C[1],   H[2],   H[3],  
Charges,    2.0653000000,    2.2552000000,    0.9991000000,    0.9999000000,  
Time[fs],  36.390000,  37.566000,   7.857000,   7.637000,  
Charge Sum,    6.3195000000, 
X Velocity[A/fs],  -0.194369,   0.188838,  -0.828571,   0.843086,  
Y Velocity[A/fs],  -0.007618,   0.003174,   0.050732,   0.035543, 
Z Velocity[A/fs],  -0.000950,   0.004115,   0.037184,  -0.017517,  
Speed[A/fs],   0.194520,   0.188909,   0.830955,   0.844017,  
 
r_seed=108,   C[0],   C[1],   H[2],   H[3],  
Charges,    2.0653000000,    2.2552000000,    0.9991000000,    0.9999000000,  
Time[fs],  37.442000,  36.579000,   7.826000,   7.661000,  
Charge Sum,    6.3195000000, 
X Velocity[A/fs],  -0.188693,   0.192746,  -0.826071,   0.852185,  
Y Velocity[A/fs],  -0.005074,  -0.000469,   0.025380,  -0.005250, 
Z Velocity[A/fs],  -0.003143,   0.008109,  -0.012493,   0.008381,  
Speed[A/fs],   0.188788,   0.192917,   0.826555,   0.852243,  
 
r_seed=109,   C[0],   C[1],   H[2],   H[3],  
Charges,    2.0653000000,    2.2552000000,    0.9991000000,    0.9999000000,  
Time[fs],  35.950000,  38.132000,   7.832000,   7.705000,  
Charge Sum,    6.3195000000, 
X Velocity[A/fs],  -0.196547,   0.186068,  -0.831486,   0.841717,  
Y Velocity[A/fs],  -0.002869,  -0.009480,   0.046186,   0.031550, 
Z Velocity[A/fs],  -0.008926,   0.005989,   0.020190,  -0.028034,  
Speed[A/fs],   0.196771,   0.186406,   0.833012,   0.842774,  
 
r_seed=110,   C[0],   C[1],   H[2],   H[3],  
Charges,    2.0653000000,    2.2552000000,    0.9991000000,    0.9999000000,  
Time[fs],  36.364000,  37.521000,   7.760000,   7.654000,  
Charge Sum,    6.3195000000, 
X Velocity[A/fs],  -0.194462,   0.188757,  -0.828746,   0.844578,  
Y Velocity[A/fs],  -0.000765,   0.007347,  -0.044157,  -0.013263, 
Z Velocity[A/fs],   0.000031,   0.005557,  -0.017832,   0.020238,  
Speed[A/fs],   0.194464,   0.188981,   0.830113,   0.844925,  
 
r_seed=111,   C[0],   C[1],   H[2],   H[3],  
Charges,    2.0653000000,    2.2552000000,    0.9991000000,    0.9999000000,  
Time[fs],  37.372000,  36.783000,   7.875000,   7.708000,  
Charge Sum,    6.3195000000, 
X Velocity[A/fs],  -0.189561,   0.192388,  -0.825224,   0.848343,  
Y Velocity[A/fs],  -0.007542,   0.002297,   0.018976,   0.010563, 
Z Velocity[A/fs],   0.005767,  -0.020193,   0.006678,   0.052762,  
Speed[A/fs],   0.189798,   0.193458,   0.825469,   0.850048,  
 
r_seed=112,   C[0],   C[1],   H[2],   H[3],  
Charges,    2.0653000000,    2.2552000000,    0.9991000000,    0.9999000000,  
Time[fs],  36.227000,  37.810000,   7.796000,   7.712000,  
Charge Sum,    6.3195000000, 
X Velocity[A/fs],  -0.195220,   0.187475,  -0.828972,   0.842989,  
Y Velocity[A/fs],   0.006577,  -0.004084,  -0.013572,  -0.008757, 
Z Velocity[A/fs],  -0.011307,   0.010277,   0.054585,  -0.054072,  
Speed[A/fs],   0.195658,   0.187801,   0.830878,   0.844767,  
 
r_seed=113,   C[0],   C[1],   H[2],   H[3],  
Charges,    2.0653000000,    2.2552000000,    0.9991000000,    0.9999000000,  
Time[fs],  37.299000,  36.723000,   7.864000,   7.634000,  
Charge Sum,    6.3195000000, 
X Velocity[A/fs],  -0.189370,   0.192231,  -0.826999,   0.849915,  
Y Velocity[A/fs],   0.000729,   0.007873,  -0.017134,   0.001537, 
Z Velocity[A/fs],  -0.001399,   0.009725,  -0.020177,   0.022146,  
Speed[A/fs],   0.189377,   0.192638,   0.827422,   0.850205,  
 
r_seed=114,   C[0],   C[1],   H[2],   H[3],  
Charges,    2.0653000000,    2.2552000000,    0.9991000000,    0.9999000000,  
Time[fs],  35.741000,  38.318000,   7.732000,   7.771000,  
Charge Sum,    6.3195000000, 
X Velocity[A/fs],  -0.197935,   0.185213,  -0.831942,   0.842123,  
Y Velocity[A/fs],   0.005527,   0.002563,  -0.007178,  -0.044623, 
Z Velocity[A/fs],  -0.004565,   0.004780,   0.019210,  -0.006550,  
Speed[A/fs],   0.198065,   0.185292,   0.832195,   0.843330,  
 
r_seed=115,   C[0],   C[1],   H[2],   H[3],  
Charges,    2.0653000000,    2.2552000000,    0.9991000000,    0.9999000000,  
Time[fs],  37.029000,  37.090000,   7.853000,   7.678000,  
Charge Sum,    6.3195000000, 
X Velocity[A/fs],  -0.190782,   0.190517,  -0.828184,   0.848555,  
Y Velocity[A/fs],  -0.012183,   0.000301,   0.008343,   0.013692, 
Z Velocity[A/fs],  -0.010443,   0.011973,  -0.021655,  -0.023142,  
Speed[A/fs],   0.191455,   0.190893,   0.828509,   0.848981,  
 
r_seed=116,   C[0],   C[1],   H[2],   H[3],  
Charges,    2.0653000000,    2.2552000000,    0.9991000000,    0.9999000000,  
Time[fs],  35.588000,  38.560000,   7.855000,   7.831000,  
Charge Sum,    6.3195000000, 
X Velocity[A/fs],  -0.199840,   0.185308,  -0.829949,   0.838875,  
Y Velocity[A/fs],  -0.000352,   0.001906,   0.004935,   0.015551, 
Z Velocity[A/fs],   0.000824,  -0.009097,   0.026790,  -0.009772,  
Speed[A/fs],   0.199842,   0.185541,   0.830396,   0.839076,  
 
r_seed=117,   C[0],   C[1],   H[2],   H[3],  
Charges,    2.0653000000,    2.2552000000,    0.9991000000,    0.9999000000,  
Time[fs],  36.101000,  38.146000,   7.830000,   7.770000,  
Charge Sum,    6.3195000000, 
X Velocity[A/fs],  -0.195729,   0.185774,  -0.831588,   0.844813,  
Y Velocity[A/fs],  -0.009063,   0.008224,   0.025989,  -0.003335, 
Z Velocity[A/fs],  -0.009464,   0.011143,   0.029940,  -0.033826,  
Speed[A/fs],   0.196167,   0.186289,   0.832533,   0.845496,  
 
r_seed=118,   C[0],   C[1],   H[2],   H[3],  
Charges,    2.0653000000,    2.2552000000,    0.9991000000,    0.9999000000,  
Time[fs],  35.962000,  37.964000,   7.806000,   7.660000,  
Charge Sum,    6.3195000000, 
X Velocity[A/fs],  -0.196984,   0.187334,  -0.829345,   0.840116,  
Y Velocity[A/fs],  -0.003878,   0.001222,  -0.019535,   0.032864, 
Z Velocity[A/fs],   0.011451,  -0.001269,  -0.034756,  -0.020304,  
Speed[A/fs],   0.197354,   0.187342,   0.830303,   0.841004,  
 
r_seed=119,   C[0],   C[1],   H[2],   H[3],  
Charges,    2.0653000000,    2.2552000000,    0.9991000000,    0.9999000000,  
Time[fs],  35.581000,  38.604000,   7.835000,   7.754000,  
Charge Sum,    6.3195000000, 
X Velocity[A/fs],  -0.198627,   0.184103,  -0.833573,   0.840101,  
Y Velocity[A/fs],  -0.005555,   0.005627,   0.042398,   0.008262, 
Z Velocity[A/fs],   0.000065,   0.001923,   0.014064,  -0.041291,  
Speed[A/fs],   0.198705,   0.184199,   0.834769,   0.841155,  
 
r_seed=120,   C[0],   C[1],   H[2],   H[3],  
Charges,    2.0653000000,    2.2552000000,    0.9991000000,    0.9999000000,  
Time[fs],  36.725000,  37.261000,   7.784000,   7.661000,  
Charge Sum,    6.3195000000, 
X Velocity[A/fs],  -0.192502,   0.189832,  -0.828105,   0.846715,  
Y Velocity[A/fs],  -0.005331,   0.013347,   0.025349,   0.016188, 
Z Velocity[A/fs],  -0.005821,   0.008603,  -0.022933,  -0.009136,  
Speed[A/fs],   0.192663,   0.190495,   0.828810,   0.846919,  
 
r_seed=121,   C[0],   C[1],   H[2],   H[3],  
Charges,    2.0653000000,    2.2552000000,    0.9991000000,    0.9999000000,  
Time[fs],  36.463000,  37.514000,   7.775000,   7.730000,  
Charge Sum,    6.3195000000, 
X Velocity[A/fs],  -0.194330,   0.189051,  -0.828121,   0.844419,  
Y Velocity[A/fs],   0.007931,  -0.000723,   0.007025,   0.031394, 
Z Velocity[A/fs],  -0.004794,   0.004791,  -0.028167,  -0.046925,  
Speed[A/fs],   0.194551,   0.189113,   0.828630,   0.846304,  
 
r_seed=122,   C[0],   C[1],   H[2],   H[3],  
Charges,    2.0653000000,    2.2552000000,    0.9991000000,    0.9999000000,  
Time[fs],  36.376000,  37.675000,   7.769000,   7.711000,  
Charge Sum,    6.3195000000, 
X Velocity[A/fs],  -0.194099,   0.187657,  -0.830842,   0.846921,  
Y Velocity[A/fs],   0.012881,  -0.006019,   0.012622,  -0.002407, 
Z Velocity[A/fs],   0.003970,   0.004651,  -0.005086,  -0.010302,  
Speed[A/fs],   0.194566,   0.187811,   0.830954,   0.846987,  
 
r_seed=123,   C[0],   C[1],   H[2],   H[3],  
Charges,    2.0653000000,    2.2552000000,    0.9991000000,    0.9999000000,  
Time[fs],  35.711000,  38.345000,   7.838000,   7.691000,  
Charge Sum,    6.3195000000, 
X Velocity[A/fs],  -0.198607,   0.185975,  -0.830670,   0.837786,  
Y Velocity[A/fs],   0.010724,  -0.010782,  -0.011387,  -0.010686, 
Z Velocity[A/fs],  -0.007663,   0.006376,  -0.000845,  -0.020952,  
Speed[A/fs],   0.199044,   0.186397,   0.830749,   0.838116,  
 
r_seed=124,   C[0],   C[1],   H[2],   H[3],  
Charges,    2.0653000000,    2.2552000000,    0.9991000000,    0.9999000000,  
Time[fs],  36.425000,  37.863000,   7.907000,   7.736000,  
Charge Sum,    6.3195000000, 
X Velocity[A/fs],  -0.194199,   0.187409,  -0.831951,   0.844727,  
Y Velocity[A/fs],  -0.013150,   0.013551,  -0.005174,   0.002366, 
Z Velocity[A/fs],   0.004396,   0.000544,   0.009096,   0.017318,  
Speed[A/fs],   0.194693,   0.187899,   0.832016,   0.844907,  
 
r_seed=125,   C[0],   C[1],   H[2],   H[3],  
Charges,    2.0653000000,    2.2552000000,    0.9991000000,    0.9999000000,  
Time[fs],  36.559000,  37.621000,   7.836000,   7.777000,  
Charge Sum,    6.3195000000, 
X Velocity[A/fs],  -0.193691,   0.188391,  -0.828827,   0.847513,  
Y Velocity[A/fs],  -0.010324,   0.006586,  -0.027093,  -0.016953, 
Z Velocity[A/fs],   0.002794,  -0.002692,  -0.006597,   0.037019,  
Speed[A/fs],   0.193986,   0.188525,   0.829296,   0.848491,  
 
r_seed=126,   C[0],   C[1],   H[2],   H[3],  
Charges,    2.0653000000,    2.2552000000,    0.9991000000,    0.9999000000,  
Time[fs],  36.465000,  37.602000,   7.856000,   7.707000,  
Charge Sum,    6.3195000000, 
X Velocity[A/fs],  -0.194424,   0.188986,  -0.827791,   0.841715,  
Y Velocity[A/fs],  -0.011606,   0.004164,   0.022808,   0.067663, 
Z Velocity[A/fs],  -0.007805,   0.012306,   0.027144,   0.011438,  
Speed[A/fs],   0.194926,   0.189432,   0.828550,   0.844508,  
 
r_seed=127,   C[0],   C[1],   H[2],   H[3],  
Charges,    2.0653000000,    2.2552000000,    0.9991000000,    0.9999000000,  
Time[fs],  36.542000,  37.524000,   7.843000,   7.716000,  
Charge Sum,    6.3195000000, 
X Velocity[A/fs],  -0.193482,   0.188705,  -0.828954,   0.845896,  
Y Velocity[A/fs],  -0.000050,  -0.005637,   0.007919,  -0.050858, 
Z Velocity[A/fs],   0.007730,  -0.001938,  -0.043808,   0.013488,  
Speed[A/fs],   0.193637,   0.188799,   0.830149,   0.847531,  
 
r_seed=128,   C[0],   C[1],   H[2],   H[3],  
Charges,    2.0653000000,    2.2552000000,    0.9991000000,    0.9999000000,  
Time[fs],  35.890000,  38.193000,   7.827000,   7.761000,  
Charge Sum,    6.3195000000, 
X Velocity[A/fs],  -0.197479,   0.186314,  -0.830709,   0.839587,  
Y Velocity[A/fs],  -0.004251,   0.006486,  -0.016427,   0.072999, 
Z Velocity[A/fs],   0.000072,   0.001692,  -0.003559,   0.016934,  
Speed[A/fs],   0.197525,   0.186434,   0.830879,   0.842924,  
 
r_seed=129,   C[0],   C[1],   H[2],   H[3],  
Charges,    2.0653000000,    2.2552000000,    0.9991000000,    0.9999000000,  
Time[fs],  36.278000,  37.773000,   7.826000,   7.687000,  
Charge Sum,    6.3195000000, 
X Velocity[A/fs],  -0.194565,   0.187397,  -0.831173,   0.844137,  
Y Velocity[A/fs],  -0.000073,  -0.002763,   0.027555,   0.043067, 
Z Velocity[A/fs],  -0.011270,   0.005146,   0.029299,   0.032270,  
Speed[A/fs],   0.194892,   0.187488,   0.832146,   0.845851,  
 
r_seed=130,   C[0],   C[1],   H[2],   H[3],  
Charges,    2.0653000000,    2.2552000000,    0.9991000000,    0.9999000000,  
Time[fs],  35.995000,  38.021000,   7.899000,   7.668000,  
Charge Sum,    6.3195000000, 
X Velocity[A/fs],  -0.197048,   0.187480,  -0.830156,   0.839499,  
Y Velocity[A/fs],   0.002880,  -0.004363,   0.043580,  -0.007971, 
Z Velocity[A/fs],   0.005022,  -0.000620,  -0.011877,   0.001777,  
Speed[A/fs],   0.197133,   0.187531,   0.831384,   0.839539,  
 
r_seed=131,   C[0],   C[1],   H[2],   H[3],  
Charges,    2.0653000000,    2.2552000000,    0.9991000000,    0.9999000000,  
Time[fs],  37.492000,  36.524000,   7.917000,   7.603000,  
Charge Sum,    6.3195000000, 
X Velocity[A/fs],  -0.188569,   0.193530,  -0.826479,   0.848225,  
Y Velocity[A/fs],  -0.003437,   0.005382,   0.010582,  -0.034167, 
Z Velocity[A/fs],   0.001720,  -0.003145,  -0.025239,   0.040061,  
Speed[A/fs],   0.188608,   0.193630,   0.826932,   0.849858,  
 
r_seed=132,   C[0],   C[1],   H[2],   H[3],  
Charges,    2.0653000000,    2.2552000000,    0.9991000000,    0.9999000000,  
Time[fs],  36.636000,  37.420000,   7.883000,   7.677000,  
Charge Sum,    6.3195000000, 
X Velocity[A/fs],  -0.192993,   0.189312,  -0.828464,   0.845570,  
Y Velocity[A/fs],   0.005006,   0.002890,  -0.034652,  -0.016208, 
Z Velocity[A/fs],  -0.007026,   0.003067,  -0.050807,   0.027070,  
Speed[A/fs],   0.193186,   0.189359,   0.830743,   0.846159,  
 
r_seed=133,   C[0],   C[1],   H[2],   H[3],  
Charges,    2.0653000000,    2.2552000000,    0.9991000000,    0.9999000000,  
Time[fs],  36.218000,  37.748000,   7.838000,   7.653000,  
Charge Sum,    6.3195000000, 
X Velocity[A/fs],  -0.195449,   0.188158,  -0.829506,   0.842115,  
Y Velocity[A/fs],  -0.009515,  -0.000986,  -0.043138,   0.023315, 
Z Velocity[A/fs],   0.006032,  -0.000783,  -0.005032,  -0.003125,  
Speed[A/fs],   0.195774,   0.188162,   0.830642,   0.842443,  
 
r_seed=134,   C[0],   C[1],   H[2],   H[3],  
Charges,    2.0653000000,    2.2552000000,    0.9991000000,    0.9999000000,  
Time[fs],  36.529000,  37.617000,   7.900000,   7.711000,  
Charge Sum,    6.3195000000, 
X Velocity[A/fs],  -0.193552,   0.188435,  -0.830651,   0.845450,  
Y Velocity[A/fs],  -0.006890,   0.001089,  -0.030448,  -0.011961, 
Z Velocity[A/fs],  -0.004183,   0.002604,   0.034421,  -0.029121,  
Speed[A/fs],   0.193719,   0.188456,   0.831922,   0.846036,  
 
r_seed=135,   C[0],   C[1],   H[2],   H[3],  
Charges,    2.0653000000,    2.2552000000,    0.9991000000,    0.9999000000,  
Time[fs],  35.603000,  38.595000,   7.819000,   7.748000,  
Charge Sum,    6.3195000000, 
X Velocity[A/fs],  -0.198780,   0.184364,  -0.832750,   0.839378,  
Y Velocity[A/fs],  -0.006076,   0.008800,  -0.011786,   0.006893, 
Z Velocity[A/fs],  -0.013822,   0.004701,  -0.015469,   0.028276,  
Speed[A/fs],   0.199352,   0.184634,   0.832977,   0.839883,  
 
r_seed=136,   C[0],   C[1],   H[2],   H[3],  
Charges,    2.0653000000,    2.2552000000,    0.9991000000,    0.9999000000,  
Time[fs],  37.006000,  37.097000,   7.940000,   7.641000,  
Charge Sum,    6.3195000000, 
X Velocity[A/fs],  -0.191206,   0.191116,  -0.829257,   0.845691,  
Y Velocity[A/fs],  -0.006205,   0.005754,  -0.013559,  -0.024555, 
Z Velocity[A/fs],   0.006961,  -0.002077,   0.024579,  -0.020428,  
Speed[A/fs],   0.191433,   0.191214,   0.829732,   0.846294,  
 
r_seed=137,   C[0],   C[1],   H[2],   H[3],  
Charges,    2.0653000000,    2.2552000000,    0.9991000000,    0.9999000000,  
Time[fs],  37.040000,  36.948000,   7.847000,   7.654000,  
Charge Sum,    6.3195000000, 
X Velocity[A/fs],  -0.190569,   0.191049,  -0.827944,   0.849017,  
Y Velocity[A/fs],  -0.000188,  -0.001601,  -0.016397,   0.037727, 
Z Velocity[A/fs],  -0.002091,   0.000117,  -0.042149,   0.013416,  
Speed[A/fs],   0.190581,   0.191056,   0.829178,   0.849961,  
 
r_seed=138,   C[0],   C[1],   H[2],   H[3],  
Charges,    2.0653000000,    2.2552000000,    0.9991000000,    0.9999000000,  
Time[fs],  36.258000,  37.914000,   7.846000,   7.711000,  
Charge Sum,    6.3195000000, 
X Velocity[A/fs],  -0.195302,   0.187350,  -0.829333,   0.841858,  
Y Velocity[A/fs],  -0.005781,   0.019461,  -0.008110,  -0.028068, 
Z Velocity[A/fs],  -0.015531,   0.008527,   0.030103,  -0.011608,  
Speed[A/fs],   0.196003,   0.188551,   0.829919,   0.842406,  
 
r_seed=139,   C[0],   C[1],   H[2],   H[3],  
Charges,    2.0653000000,    2.2552000000,    0.9991000000,    0.9999000000,  
Time[fs],  36.193000,  37.787000,   7.823000,   7.653000,  
Charge Sum,    6.3195000000, 
X Velocity[A/fs],  -0.194963,   0.187344,  -0.831147,   0.844237,  
Y Velocity[A/fs],   0.002061,   0.002327,   0.009183,  -0.007046, 
Z Velocity[A/fs],   0.001200,  -0.001129,   0.055855,  -0.021448,  
Speed[A/fs],   0.194978,   0.187362,   0.833072,   0.844539,  
 
r_seed=140,   C[0],   C[1],   H[2],   H[3],  
Charges,    2.0653000000,    2.2552000000,    0.9991000000,    0.9999000000,  
Time[fs],  36.301000,  37.779000,   7.899000,   7.655000,  
Charge Sum,    6.3195000000, 
X Velocity[A/fs],  -0.194954,   0.188095,  -0.831237,   0.842137,  
Y Velocity[A/fs],   0.009305,  -0.005942,   0.022347,   0.018228, 
Z Velocity[A/fs],  -0.005993,   0.001234,  -0.018387,  -0.006567,  
Speed[A/fs],   0.195267,   0.188193,   0.831740,   0.842359,  
 
r_seed=141,   C[0],   C[1],   H[2],   H[3],  
Charges,    2.0653000000,    2.2552000000,    0.9991000000,    0.9999000000,  
Time[fs],  36.117000,  38.121000,   7.916000,   7.764000,  
Charge Sum,    6.3195000000, 
X Velocity[A/fs],  -0.196565,   0.186975,  -0.829991,   0.840881,  
Y Velocity[A/fs],   0.002629,  -0.002667,   0.027958,  -0.000916, 
Z Velocity[A/fs],   0.018318,  -0.008953,  -0.014989,   0.008877,  
Speed[A/fs],   0.197434,   0.187208,   0.830597,   0.840929,  
 
r_seed=142,   C[0],   C[1],   H[2],   H[3],  
Charges,    2.0653000000,    2.2552000000,    0.9991000000,    0.9999000000,  
Time[fs],  36.049000,  38.079000,   7.865000,   7.717000,  
Charge Sum,    6.3195000000, 
X Velocity[A/fs],  -0.196512,   0.186729,  -0.828696,   0.841186,  
Y Velocity[A/fs],  -0.013832,   0.012335,   0.065774,   0.017129, 
Z Velocity[A/fs],   0.003574,  -0.001224,  -0.020474,  -0.024267,  
Speed[A/fs],   0.197030,   0.187140,   0.831555,   0.841710,  
 
r_seed=143,   C[0],   C[1],   H[2],   H[3],  
Charges,    2.0653000000,    2.2552000000,    0.9991000000,    0.9999000000,  
Time[fs],  36.393000,  37.637000,   7.834000,   7.664000,  
Charge Sum,    6.3195000000, 
X Velocity[A/fs],  -0.194369,   0.188456,  -0.829494,   0.843011,  
Y Velocity[A/fs],  -0.012210,   0.007702,  -0.031341,  -0.023096, 
Z Velocity[A/fs],  -0.010199,   0.000705,   0.008670,   0.036547,  
Speed[A/fs],   0.195019,   0.188615,   0.830131,   0.844119,  
 
r_seed=144,   C[0],   C[1],   H[2],   H[3],  
Charges,    2.0653000000,    2.2552000000,    0.9991000000,    0.9999000000,  
Time[fs],  36.775000,  37.411000,   7.888000,   7.715000,  
Charge Sum,    6.3195000000, 
X Velocity[A/fs],  -0.192125,   0.189127,  -0.830400,   0.848150,  
Y Velocity[A/fs],  -0.007871,   0.000598,  -0.021593,   0.015502, 
Z Velocity[A/fs],   0.009229,  -0.005056,   0.013525,  -0.006383,  
Speed[A/fs],   0.192508,   0.189195,   0.830791,   0.848316,  
 
r_seed=145,   C[0],   C[1],   H[2],   H[3],  
Charges,    2.0653000000,    2.2552000000,    0.9991000000,    0.9999000000,  
Time[fs],  35.866000,  38.198000,   7.820000,   7.733000,  
Charge Sum,    6.3195000000, 
X Velocity[A/fs],  -0.197413,   0.186112,  -0.830571,   0.840362,  
Y Velocity[A/fs],   0.003098,  -0.009669,  -0.035048,  -0.016036, 
Z Velocity[A/fs],   0.003528,  -0.004040,  -0.026130,   0.051129,  
Speed[A/fs],   0.197469,   0.186407,   0.831721,   0.842068,  
 
r_seed=146,   C[0],   C[1],   H[2],   H[3],  
Charges,    2.0653000000,    2.2552000000,    0.9991000000,    0.9999000000,  
Time[fs],  36.975000,  37.027000,   7.909000,   7.609000,  
Charge Sum,    6.3195000000, 
X Velocity[A/fs],  -0.191512,   0.191549,  -0.826595,   0.845120,  
Y Velocity[A/fs],  -0.004880,   0.010587,  -0.004412,   0.003883, 
Z Velocity[A/fs],  -0.011975,  -0.000456,   0.044225,   0.026413,  
Speed[A/fs],   0.191949,   0.191842,   0.827789,   0.845542,  
 
r_seed=147,   C[0],   C[1],   H[2],   H[3],  
Charges,    2.0653000000,    2.2552000000,    0.9991000000,    0.9999000000,  
Time[fs],  35.715000,  38.536000,   7.815000,   7.781000,  
Charge Sum,    6.3195000000, 
X Velocity[A/fs],  -0.198029,   0.184323,  -0.831812,   0.841907,  
Y Velocity[A/fs],   0.003524,  -0.000136,  -0.009192,  -0.019026, 
Z Velocity[A/fs],   0.015906,  -0.009756,  -0.041691,  -0.018683,  
Speed[A/fs],   0.198698,   0.184582,   0.832907,   0.842329,  
 
r_seed=148,   C[0],   C[1],   H[2],   H[3],  
Charges,    2.0653000000,    2.2552000000,    0.9991000000,    0.9999000000,  
Time[fs],  36.728000,  37.450000,   7.937000,   7.709000,  
Charge Sum,    6.3195000000, 
X Velocity[A/fs],  -0.192750,   0.189526,  -0.830662,   0.844116,  
Y Velocity[A/fs],   0.006252,  -0.007224,  -0.004726,   0.004030, 
Z Velocity[A/fs],   0.002479,  -0.007148,   0.009260,   0.057143,  
Speed[A/fs],   0.192867,   0.189798,   0.830727,   0.846058,  
 
r_seed=149,   C[0],   C[1],   H[2],   H[3],  
Charges,    2.0653000000,    2.2552000000,    0.9991000000,    0.9999000000,  
Time[fs],  35.985000,  38.173000,   7.878000,   7.723000,  
Charge Sum,    6.3195000000, 
X Velocity[A/fs],  -0.196593,   0.186098,  -0.830465,   0.842085,  
Y Velocity[A/fs],   0.005388,  -0.002613,   0.019036,  -0.005466, 
Z Velocity[A/fs],  -0.012720,   0.004911,   0.066778,  -0.007247,  
Speed[A/fs],   0.197078,   0.186181,   0.833363,   0.842134,  
 
r_seed=150,   C[0],   C[1],   H[2],   H[3],  
Charges,    2.0653000000,    2.2552000000,    0.9991000000,    0.9999000000,  
Time[fs],  36.271000,  37.948000,   7.883000,   7.755000,  
Charge Sum,    6.3195000000, 
X Velocity[A/fs],  -0.195250,   0.187203,  -0.830846,   0.843457,  
Y Velocity[A/fs],   0.013583,  -0.000275,  -0.000493,  -0.010756, 
Z Velocity[A/fs],   0.011205,  -0.005130,  -0.009246,  -0.032817,  
Speed[A/fs],   0.196043,   0.187274,   0.830898,   0.844164,  
 
r_seed=151,   C[0],   C[1],   H[2],   H[3],  
Charges,    2.0653000000,    2.2552000000,    0.9991000000,    0.9999000000,  
Time[fs],  37.017000,  37.026000,   7.845000,   7.716000,  
Charge Sum,    6.3195000000, 
X Velocity[A/fs],  -0.191189,   0.191113,  -0.826943,   0.846769,  
Y Velocity[A/fs],  -0.008004,  -0.004186,   0.022830,   0.056466, 
Z Velocity[A/fs],   0.002271,  -0.008995,   0.013781,   0.047707,  
Speed[A/fs],   0.191370,   0.191370,   0.827373,   0.849990,  
 
r_seed=152,   C[0],   C[1],   H[2],   H[3],  
Charges,    2.0653000000,    2.2552000000,    0.9991000000,    0.9999000000,  
Time[fs],  36.198000,  37.937000,   7.915000,   7.712000,  
Charge Sum,    6.3195000000, 
X Velocity[A/fs],  -0.195763,   0.187547,  -0.830834,   0.841838,  
Y Velocity[A/fs],  -0.007273,  -0.000753,   0.030480,  -0.010528, 
Z Velocity[A/fs],  -0.007993,   0.001930,  -0.031358,  -0.003383,  
Speed[A/fs],   0.196061,   0.187558,   0.831984,   0.841911,  
 
r_seed=153,   C[0],   C[1],   H[2],   H[3],  
Charges,    2.0653000000,    2.2552000000,    0.9991000000,    0.9999000000,  
Time[fs],  36.983000,  36.986000,   7.857000,   7.607000,  
Charge Sum,    6.3195000000, 
X Velocity[A/fs],  -0.191265,   0.191431,  -0.826418,   0.845798,  
Y Velocity[A/fs],  -0.011514,   0.007155,   0.045038,   0.020191, 
Z Velocity[A/fs],   0.007930,  -0.005285,   0.008874,  -0.038342,  
Speed[A/fs],   0.191775,   0.191637,   0.827692,   0.846908,  
 
r_seed=154,   C[0],   C[1],   H[2],   H[3],  
Charges,    2.0653000000,    2.2552000000,    0.9991000000,    0.9999000000,  
Time[fs],  35.666000,  38.592000,   7.866000,   7.764000,  
Charge Sum,    6.3195000000, 
X Velocity[A/fs],  -0.198094,   0.184096,  -0.834801,   0.841709,  
Y Velocity[A/fs],  -0.004272,   0.002445,   0.025368,   0.006372, 
Z Velocity[A/fs],   0.001605,  -0.001561,  -0.022402,  -0.010290,  
Speed[A/fs],   0.198147,   0.184119,   0.835486,   0.841796,  
 
r_seed=155,   C[0],   C[1],   H[2],   H[3],  
Charges,    2.0653000000,    2.2552000000,    0.9991000000,    0.9999000000,  
Time[fs],  36.155000,  37.910000,   7.814000,   7.708000,  
Charge Sum,    6.3195000000, 
X Velocity[A/fs],  -0.195600,   0.187091,  -0.830521,   0.843346,  
Y Velocity[A/fs],   0.003275,  -0.008683,  -0.032213,   0.022826, 
Z Velocity[A/fs],  -0.013819,   0.000384,   0.000261,  -0.016192,  
Speed[A/fs],   0.196115,   0.187292,   0.831145,   0.843810,  
 
r_seed=156,   C[0],   C[1],   H[2],   H[3],  
Charges,    2.0653000000,    2.2552000000,    0.9991000000,    0.9999000000,  
Time[fs],  36.769000,  37.240000,   7.805000,   7.726000,  
Charge Sum,    6.3195000000, 
X Velocity[A/fs],  -0.192561,   0.190135,  -0.827263,   0.846433,  
Y Velocity[A/fs],   0.002919,  -0.008194,   0.023535,   0.058561, 
Z Velocity[A/fs],   0.004103,   0.002822,   0.035035,  -0.016462,  
Speed[A/fs],   0.192627,   0.190332,   0.828339,   0.848616,  
 
r_seed=157,   C[0],   C[1],   H[2],   H[3],  
Charges,    2.0653000000,    2.2552000000,    0.9991000000,    0.9999000000,  
Time[fs],  35.507000,  38.676000,   7.798000,   7.768000,  
Charge Sum,    6.3195000000, 
X Velocity[A/fs],  -0.198958,   0.183598,  -0.833239,   0.841507,  
Y Velocity[A/fs],   0.003180,   0.003997,  -0.044342,   0.007903, 
Z Velocity[A/fs],   0.002243,  -0.007186,  -0.017705,   0.007760,  
Speed[A/fs],   0.198996,   0.183783,   0.834606,   0.841580,  
 
r_seed=158,   C[0],   C[1],   H[2],   H[3],  
Charges,    2.0653000000,    2.2552000000,    0.9991000000,    0.9999000000,  
Time[fs],  36.962000,  37.163000,   7.915000,   7.691000,  
Charge Sum,    6.3195000000, 
X Velocity[A/fs],  -0.191518,   0.190708,  -0.828454,   0.846811,  
Y Velocity[A/fs],   0.006955,  -0.002270,  -0.007447,  -0.020987, 
Z Velocity[A/fs],  -0.012198,  -0.002537,   0.013352,  -0.025624,  
Speed[A/fs],   0.192032,   0.190739,   0.828595,   0.847459,  
 
r_seed=159,   C[0],   C[1],   H[2],   H[3],  
Charges,    2.0653000000,    2.2552000000,    0.9991000000,    0.9999000000,  
Time[fs],  35.773000,  38.350000,   7.811000,   7.715000,  
Charge Sum,    6.3195000000, 
X Velocity[A/fs],  -0.197716,   0.185282,  -0.831064,   0.840039,  
Y Velocity[A/fs],   0.012229,  -0.010719,  -0.005521,   0.003812, 
Z Velocity[A/fs],   0.007971,  -0.007195,  -0.047457,   0.040678,  
Speed[A/fs],   0.198254,   0.185731,   0.832437,   0.841032,  
 
r_seed=160,   C[0],   C[1],   H[2],   H[3],  
Charges,    2.0653000000,    2.2552000000,    0.9991000000,    0.9999000000,  
Time[fs],  37.270000,  36.636000,   7.868000,   7.573000,  
Charge Sum,    6.3195000000, 
X Velocity[A/fs],  -0.189616,   0.192892,  -0.826016,   0.848426,  
Y Velocity[A/fs],  -0.001516,  -0.005023,  -0.000508,  -0.000438, 
Z Velocity[A/fs],   0.002675,   0.004377,  -0.043388,  -0.012724,  
Speed[A/fs],   0.189641,   0.193007,   0.827155,   0.848522,  
 
r_seed=161,   C[0],   C[1],   H[2],   H[3],  
Charges,    2.0653000000,    2.2552000000,    0.9991000000,    0.9999000000,  
Time[fs],  36.413000,  37.861000,   7.897000,   7.786000,  
Charge Sum,    6.3195000000, 
X Velocity[A/fs],  -0.194889,   0.187885,  -0.829143,   0.843733,  
Y Velocity[A/fs],  -0.006393,   0.001886,  -0.004224,  -0.028571, 
Z Velocity[A/fs],  -0.017335,   0.011024,  -0.002369,  -0.019331,  
Speed[A/fs],   0.195763,   0.188218,   0.829157,   0.844438,  
 
r_seed=162,   C[0],   C[1],   H[2],   H[3],  
Charges,    2.0653000000,    2.2552000000,    0.9991000000,    0.9999000000,  
Time[fs],  36.368000,  37.799000,   7.903000,   7.706000,  
Charge Sum,    6.3195000000, 
X Velocity[A/fs],  -0.194511,   0.187813,  -0.831421,   0.842742,  
Y Velocity[A/fs],  -0.007550,  -0.002258,   0.015690,   0.047234, 
Z Velocity[A/fs],   0.008888,  -0.010900,  -0.019742,   0.012967,  
Speed[A/fs],   0.194860,   0.188142,   0.831803,   0.844164,  
 
r_seed=163,   C[0],   C[1],   H[2],   H[3],  
Charges,    2.0653000000,    2.2552000000,    0.9991000000,    0.9999000000,  
Time[fs],  36.829000,  37.097000,   7.842000,   7.598000,  
Charge Sum,    6.3195000000, 
X Velocity[A/fs],  -0.191877,   0.190759,  -0.828104,   0.846195,  
Y Velocity[A/fs],   0.001831,  -0.011960,   0.029805,  -0.016770, 
Z Velocity[A/fs],  -0.001969,  -0.002079,   0.015594,  -0.016057,  
Speed[A/fs],   0.191896,   0.191145,   0.828786,   0.846513,  
 
r_seed=164,   C[0],   C[1],   H[2],   H[3],  
Charges,    2.0653000000,    2.2552000000,    0.9991000000,    0.9999000000,  
Time[fs],  35.807000,  38.161000,   7.798000,   7.651000,  
Charge Sum,    6.3195000000, 
X Velocity[A/fs],  -0.197407,   0.186129,  -0.832149,   0.840712,  
Y Velocity[A/fs],  -0.002716,   0.007220,  -0.007732,  -0.013641, 
Z Velocity[A/fs],   0.004282,   0.004711,   0.019394,   0.009271,  
Speed[A/fs],   0.197472,   0.186328,   0.832411,   0.840873,  
 
r_seed=165,   C[0],   C[1],   H[2],   H[3],  
Charges,    2.0653000000,    2.2552000000,    0.9991000000,    0.9999000000,  
Time[fs],  36.509000,  37.555000,   7.833000,   7.683000,  
Charge Sum,    6.3195000000, 
X Velocity[A/fs],  -0.193701,   0.188635,  -0.827946,   0.844896,  
Y Velocity[A/fs],  -0.001303,   0.000536,   0.064799,  -0.022934, 
Z Velocity[A/fs],   0.009085,  -0.016495,  -0.003735,   0.011715,  
Speed[A/fs],   0.193919,   0.189356,   0.830486,   0.845288,  
 
r_seed=166,   C[0],   C[1],   H[2],   H[3],  
Charges,    2.0653000000,    2.2552000000,    0.9991000000,    0.9999000000,  
Time[fs],  36.420000,  37.639000,   7.949000,   7.694000,  
Charge Sum,    6.3195000000, 
X Velocity[A/fs],  -0.194994,   0.189353,  -0.828437,   0.841201,  
Y Velocity[A/fs],   0.003605,  -0.005143,  -0.019032,   0.015363, 
Z Velocity[A/fs],  -0.002097,  -0.004878,   0.047360,  -0.021354,  
Speed[A/fs],   0.195038,   0.189485,   0.830008,   0.841613,  
 
r_seed=167,   C[0],   C[1],   H[2],   H[3],  
Charges,    2.0653000000,    2.2552000000,    0.9991000000,    0.9999000000,  
Time[fs],  36.218000,  38.049000,   7.829000,   7.761000,  
Charge Sum,    6.3195000000, 
X Velocity[A/fs],  -0.195347,   0.186415,  -0.829993,   0.844035,  
Y Velocity[A/fs],   0.002057,   0.008576,  -0.023439,  -0.025154, 
Z Velocity[A/fs],   0.018268,  -0.016495,  -0.021720,   0.013704,  
Speed[A/fs],   0.196210,   0.187340,   0.830608,   0.844521,  
 
r_seed=168,   C[0],   C[1],   H[2],   H[3],  
Charges,    2.0653000000,    2.2552000000,    0.9991000000,    0.9999000000,  
Time[fs],  37.523000,  36.593000,   7.914000,   7.650000,  
Charge Sum,    6.3195000000, 
X Velocity[A/fs],  -0.188357,   0.192949,  -0.826392,   0.851045,  
Y Velocity[A/fs],   0.009558,   0.001486,  -0.030219,   0.003473, 
Z Velocity[A/fs],   0.004165,  -0.007667,   0.018147,   0.001158,  
Speed[A/fs],   0.188646,   0.193107,   0.827144,   0.851053,  
 
r_seed=169,   C[0],   C[1],   H[2],   H[3],  
Charges,    2.0653000000,    2.2552000000,    0.9991000000,    0.9999000000,  
Time[fs],  35.322000,  38.873000,   7.775000,   7.807000,  
Charge Sum,    6.3195000000, 
X Velocity[A/fs],  -0.200314,   0.183042,  -0.833696,   0.839397,  
Y Velocity[A/fs],  -0.000343,  -0.004945,   0.009141,   0.037565, 
Z Velocity[A/fs],  -0.000965,  -0.005444,  -0.017829,   0.021967,  
Speed[A/fs],   0.200317,   0.183189,   0.833937,   0.840524,  
 
r_seed=170,   C[0],   C[1],   H[2],   H[3],  
Charges,    2.0653000000,    2.2552000000,    0.9991000000,    0.9999000000,  
Time[fs],  36.488000,  37.802000,   7.865000,   7.754000,  
Charge Sum,    6.3195000000, 
X Velocity[A/fs],  -0.193837,   0.187478,  -0.830466,   0.846281,  
Y Velocity[A/fs],  -0.005006,  -0.003504,   0.000041,   0.004297, 
Z Velocity[A/fs],   0.018296,  -0.013197,  -0.004491,   0.017110,  
Speed[A/fs],   0.194763,   0.187975,   0.830479,   0.846465,  
 
r_seed=171,   C[0],   C[1],   H[2],   H[3],  
Charges,    2.0653000000,    2.2552000000,    0.9991000000,    0.9999000000,  
Time[fs],  35.983000,  38.241000,   7.817000,   7.742000,  
Charge Sum,    6.3195000000, 
X Velocity[A/fs],  -0.196923,   0.185960,  -0.830066,   0.841044,  
Y Velocity[A/fs],  -0.013922,   0.013436,   0.004768,   0.015021, 
Z Velocity[A/fs],   0.007229,  -0.016616,   0.025176,  -0.009428,  
Speed[A/fs],   0.197547,   0.187184,   0.830461,   0.841231,  
 
r_seed=172,   C[0],   C[1],   H[2],   H[3],  
Charges,    2.0653000000,    2.2552000000,    0.9991000000,    0.9999000000,  
Time[fs],  36.498000,  37.578000,   7.894000,   7.668000,  
Charge Sum,    6.3195000000, 
X Velocity[A/fs],  -0.193660,   0.188694,  -0.830953,   0.843454,  
Y Velocity[A/fs],  -0.008360,   0.005411,   0.015428,  -0.015627, 
Z Velocity[A/fs],  -0.001205,  -0.005206,  -0.026625,   0.049975,  
Speed[A/fs],   0.193844,   0.188843,   0.831522,   0.845078,  
 
r_seed=173,   C[0],   C[1],   H[2],   H[3],  
Charges,    2.0653000000,    2.2552000000,    0.9991000000,    0.9999000000,  
Time[fs],  35.845000,  38.377000,   7.837000,   7.788000,  
Charge Sum,    6.3195000000, 
X Velocity[A/fs],  -0.197877,   0.185573,  -0.830211,   0.839774,  
Y Velocity[A/fs],   0.000443,  -0.008406,   0.029706,   0.044847, 
Z Velocity[A/fs],   0.014105,  -0.014622,   0.020778,   0.012275,  
Speed[A/fs],   0.198380,   0.186338,   0.831002,   0.841060,  
 
r_seed=174,   C[0],   C[1],   H[2],   H[3],  
Charges,    2.0653000000,    2.2552000000,    0.9991000000,    0.9999000000,  
Time[fs],  35.621000,  38.497000,   7.762000,   7.763000,  
Charge Sum,    6.3195000000, 
X Velocity[A/fs],  -0.198272,   0.184256,  -0.833221,   0.841565,  
Y Velocity[A/fs],   0.004262,  -0.008106,  -0.021268,   0.049884, 
Z Velocity[A/fs],   0.000039,   0.003386,  -0.019861,   0.007907,  
Speed[A/fs],   0.198318,   0.184466,   0.833729,   0.843080,  
 
r_seed=175,   C[0],   C[1],   H[2],   H[3],  
Charges,    2.0653000000,    2.2552000000,    0.9991000000,    0.9999000000,  
Time[fs],  36.905000,  37.117000,   7.823000,   7.654000,  
Charge Sum,    6.3195000000, 
X Velocity[A/fs],  -0.191284,   0.190278,  -0.828691,   0.848267,  
Y Velocity[A/fs],   0.003519,   0.001127,   0.030370,   0.027098, 
Z Velocity[A/fs],  -0.008855,   0.011517,   0.005984,   0.013430,  
Speed[A/fs],   0.191521,   0.190630,   0.829269,   0.848806,  
 
r_seed=176,   C[0],   C[1],   H[2],   H[3],  
Charges,    2.0653000000,    2.2552000000,    0.9991000000,    0.9999000000,  
Time[fs],  36.719000,  37.344000,   7.923000,   7.692000,  
Charge Sum,    6.3195000000, 
X Velocity[A/fs],  -0.193165,   0.190324,  -0.827496,   0.844056,  
Y Velocity[A/fs],   0.002040,  -0.001130,   0.046372,  -0.023562, 
Z Velocity[A/fs],   0.003415,   0.010786,   0.025249,  -0.004953,  
Speed[A/fs],   0.193206,   0.190632,   0.829179,   0.844399,  
 
r_seed=177,   C[0],   C[1],   H[2],   H[3],  
Charges,    2.0653000000,    2.2552000000,    0.9991000000,    0.9999000000,  
Time[fs],  36.129000,  38.136000,   7.818000,   7.773000,  
Charge Sum,    6.3195000000, 
X Velocity[A/fs],  -0.195662,   0.185849,  -0.831119,   0.844858,  
Y Velocity[A/fs],   0.014076,  -0.014454,  -0.027162,   0.026553, 
Z Velocity[A/fs],  -0.004050,   0.008848,   0.015585,  -0.013856,  
Speed[A/fs],   0.196209,   0.186621,   0.831709,   0.845388,  
 
r_seed=178,   C[0],   C[1],   H[2],   H[3],  
Charges,    2.0653000000,    2.2552000000,    0.9991000000,    0.9999000000,  
Time[fs],  37.207000,  36.852000,   7.872000,   7.647000,  
Charge Sum,    6.3195000000, 
X Velocity[A/fs],  -0.189947,   0.191779,  -0.827058,   0.847945,  
Y Velocity[A/fs],  -0.009520,   0.008074,   0.005963,   0.030356, 
Z Velocity[A/fs],   0.006614,  -0.004937,  -0.028164,  -0.045163,  
Speed[A/fs],   0.190300,   0.192013,   0.827559,   0.849689,  
 
r_seed=179,   C[0],   C[1],   H[2],   H[3],  
Charges,    2.0653000000,    2.2552000000,    0.9991000000,    0.9999000000,  
Time[fs],  35.975000,  38.007000,   7.802000,   7.659000,  
Charge Sum,    6.3195000000, 
X Velocity[A/fs],  -0.196232,   0.186455,  -0.831309,   0.842883,  
Y Velocity[A/fs],  -0.004715,   0.003628,  -0.019020,   0.004729, 
Z Velocity[A/fs],   0.008497,   0.002904,  -0.045165,  -0.009787,  
Speed[A/fs],   0.196472,   0.186513,   0.832752,   0.842953,  
 
r_seed=180,   C[0],   C[1],   H[2],   H[3],  
Charges,    2.0653000000,    2.2552000000,    0.9991000000,    0.9999000000,  
Time[fs],  36.792000,  37.339000,   7.859000,   7.714000,  
Charge Sum,    6.3195000000, 
X Velocity[A/fs],  -0.192096,   0.189460,  -0.829331,   0.847840,  
Y Velocity[A/fs],  -0.004372,   0.000620,  -0.019555,  -0.028271, 
Z Velocity[A/fs],  -0.006007,   0.010303,   0.009282,   0.034324,  
Speed[A/fs],   0.192239,   0.189741,   0.829614,   0.849006,  
 
r_seed=181,   C[0],   C[1],   H[2],   H[3],  
Charges,    2.0653000000,    2.2552000000,    0.9991000000,    0.9999000000,  
Time[fs],  36.081000,  38.003000,   7.829000,   7.737000,  
Charge Sum,    6.3195000000, 
X Velocity[A/fs],  -0.196457,   0.187056,  -0.828258,   0.842184,  
Y Velocity[A/fs],  -0.001290,  -0.012619,   0.001358,   0.006614, 
Z Velocity[A/fs],  -0.011741,   0.007140,   0.060657,   0.014550,  
Speed[A/fs],   0.196812,   0.187617,   0.830478,   0.842336,  
 
r_seed=182,   C[0],   C[1],   H[2],   H[3],  
Charges,    2.0653000000,    2.2552000000,    0.9991000000,    0.9999000000,  
Time[fs],  36.792000,  37.288000,   7.885000,   7.654000,  
Charge Sum,    6.3195000000, 
X Velocity[A/fs],  -0.191964,   0.189777,  -0.830150,   0.846370,  
Y Velocity[A/fs],  -0.004990,   0.011527,  -0.000102,   0.012500, 
Z Velocity[A/fs],   0.005165,   0.007262,  -0.011989,  -0.026333,  
Speed[A/fs],   0.192099,   0.190265,   0.830237,   0.846872,  
 
r_seed=183,   C[0],   C[1],   H[2],   H[3],  
Charges,    2.0653000000,    2.2552000000,    0.9991000000,    0.9999000000,  
Time[fs],  35.564000,  38.610000,   7.794000,   7.768000,  
Charge Sum,    6.3195000000, 
X Velocity[A/fs],  -0.199320,   0.184507,  -0.831372,   0.838756,  
Y Velocity[A/fs],   0.000828,  -0.001128,   0.006923,   0.023267, 
Z Velocity[A/fs],  -0.009926,   0.018262,   0.020616,   0.002669,  
Speed[A/fs],   0.199569,   0.185412,   0.831657,   0.839083,  
 
r_seed=184,   C[0],   C[1],   H[2],   H[3],  
Charges,    2.0653000000,    2.2552000000,    0.9991000000,    0.9999000000,  
Time[fs],  36.008000,  38.188000,   7.839000,   7.733000,  
Charge Sum,    6.3195000000, 
X Velocity[A/fs],  -0.196055,   0.185610,  -0.833334,   0.842889,  
Y Velocity[A/fs],   0.005664,  -0.008644,   0.017757,   0.048657, 
Z Velocity[A/fs],  -0.007704,   0.009075,  -0.011576,   0.003325,  
Speed[A/fs],   0.196288,   0.186033,   0.833604,   0.844299,  
 
r_seed=185,   C[0],   C[1],   H[2],   H[3],  
Charges,    2.0653000000,    2.2552000000,    0.9991000000,    0.9999000000,  
Time[fs],  35.895000,  38.150000,   7.811000,   7.727000,  
Charge Sum,    6.3195000000, 
X Velocity[A/fs],  -0.197266,   0.186368,  -0.831105,   0.839515,  
Y Velocity[A/fs],  -0.001660,   0.011966,   0.008559,  -0.029185, 
Z Velocity[A/fs],   0.001905,   0.011761,   0.000559,  -0.047927,  
Speed[A/fs],   0.197282,   0.187122,   0.831149,   0.841388,  
 
r_seed=186,   C[0],   C[1],   H[2],   H[3],  
Charges,    2.0653000000,    2.2552000000,    0.9991000000,    0.9999000000,  
Time[fs],  36.661000,  37.424000,   7.923000,   7.666000,  
Charge Sum,    6.3195000000, 
X Velocity[A/fs],  -0.193257,   0.189825,  -0.828591,   0.843611,  
Y Velocity[A/fs],   0.005844,   0.004093,   0.027163,   0.009764, 
Z Velocity[A/fs],  -0.008902,   0.010277,   0.039239,  -0.021009,  
Speed[A/fs],   0.193550,   0.190147,   0.829964,   0.843929,  
 
r_seed=187,   C[0],   C[1],   H[2],   H[3],  
Charges,    2.0653000000,    2.2552000000,    0.9991000000,    0.9999000000,  
Time[fs],  36.219000,  37.989000,   7.887000,   7.753000,  
Charge Sum,    6.3195000000, 
X Velocity[A/fs],  -0.195405,   0.186907,  -0.831463,   0.844191,  
Y Velocity[A/fs],   0.011194,   0.004584,  -0.014371,  -0.008664, 
Z Velocity[A/fs],   0.008578,  -0.004378,  -0.016239,   0.004263,  
Speed[A/fs],   0.195913,   0.187015,   0.831745,   0.844247,  
 
r_seed=188,   C[0],   C[1],   H[2],   H[3],  
Charges,    2.0653000000,    2.2552000000,    0.9991000000,    0.9999000000,  
Time[fs],  36.138000,  37.912000,   7.885000,   7.711000,  
Charge Sum,    6.3195000000, 
X Velocity[A/fs],  -0.196128,   0.187621,  -0.828654,   0.841514,  
Y Velocity[A/fs],   0.001329,  -0.005790,  -0.063321,   0.019023, 
Z Velocity[A/fs],   0.002206,   0.003712,   0.030932,  -0.018373,  
Speed[A/fs],   0.196145,   0.187747,   0.831645,   0.841929,  
 
r_seed=189,   C[0],   C[1],   H[2],   H[3],  
Charges,    2.0653000000,    2.2552000000,    0.9991000000,    0.9999000000,  
Time[fs],  36.169000,  37.863000,   7.795000,   7.660000,  
Charge Sum,    6.3195000000, 
X Velocity[A/fs],  -0.194975,   0.186852,  -0.832243,   0.844004,  
Y Velocity[A/fs],  -0.007006,   0.010711,  -0.011927,  -0.031448, 
Z Velocity[A/fs],  -0.005499,   0.007915,  -0.016890,   0.012953,  
Speed[A/fs],   0.195178,   0.187326,   0.832499,   0.844689,  
 
r_seed=190,   C[0],   C[1],   H[2],   H[3],  
Charges,    2.0653000000,    2.2552000000,    0.9991000000,    0.9999000000,  
Time[fs],  35.657000,  38.538000,   7.894000,   7.763000,  
Charge Sum,    6.3195000000, 
X Velocity[A/fs],  -0.198855,   0.185083,  -0.832992,   0.838573,  
Y Velocity[A/fs],  -0.005213,   0.004661,  -0.020271,   0.004990, 
Z Velocity[A/fs],   0.004924,   0.001825,   0.007911,  -0.021586,  
Speed[A/fs],   0.198984,   0.185151,   0.833276,   0.838865,  
 
r_seed=191,   C[0],   C[1],   H[2],   H[3],  
Charges,    2.0653000000,    2.2552000000,    0.9991000000,    0.9999000000,  
Time[fs],  36.335000,  37.700000,   7.825000,   7.714000,  
Charge Sum,    6.3195000000, 
X Velocity[A/fs],  -0.194889,   0.188237,  -0.828657,   0.843482,  
Y Velocity[A/fs],   0.005138,  -0.009979,  -0.026049,  -0.038700, 
Z Velocity[A/fs],   0.003005,   0.005549,  -0.030507,   0.034134,  
Speed[A/fs],   0.194979,   0.188583,   0.829628,   0.845059,  
 
r_seed=192,   C[0],   C[1],   H[2],   H[3],  
Charges,    2.0653000000,    2.2552000000,    0.9991000000,    0.9999000000,  
Time[fs],  36.576000,  37.590000,   7.873000,   7.666000,  
Charge Sum,    6.3195000000, 
X Velocity[A/fs],  -0.192968,   0.188258,  -0.831300,   0.845799,  
Y Velocity[A/fs],   0.004744,  -0.008005,  -0.018475,   0.001568, 
Z Velocity[A/fs],  -0.010123,   0.015236,  -0.008564,   0.006150,  
Speed[A/fs],   0.193291,   0.189043,   0.831550,   0.845822,  
 
r_seed=193,   C[0],   C[1],   H[2],   H[3],  
Charges,    2.0653000000,    2.2552000000,    0.9991000000,    0.9999000000,  
Time[fs],  36.008000,  38.084000,   7.804000,   7.789000,  
Charge Sum,    6.3195000000, 
X Velocity[A/fs],  -0.196809,   0.186570,  -0.829850,   0.842528,  
Y Velocity[A/fs],   0.002504,   0.002820,  -0.002787,   0.019278, 
Z Velocity[A/fs],   0.001544,   0.005768,   0.041985,  -0.053544,  
Speed[A/fs],   0.196831,   0.186681,   0.830916,   0.844448,  
 
r_seed=194,   C[0],   C[1],   H[2],   H[3],  
Charges,    2.0653000000,    2.2552000000,    0.9991000000,    0.9999000000,  
Time[fs],  36.167000,  37.975000,   7.834000,   7.707000,  
Charge Sum,    6.3195000000, 
X Velocity[A/fs],  -0.195093,   0.186412,  -0.832616,   0.844935,  
Y Velocity[A/fs],   0.013087,  -0.004994,  -0.000858,  -0.003663, 
Z Velocity[A/fs],   0.000362,   0.005734,  -0.023060,   0.021257,  
Speed[A/fs],   0.195532,   0.186567,   0.832936,   0.845210,  
 
r_seed=195,   C[0],   C[1],   H[2],   H[3],  
Charges,    2.0653000000,    2.2552000000,    0.9991000000,    0.9999000000,  
Time[fs],  35.924000,  38.168000,   7.809000,   7.699000,  
Charge Sum,    6.3195000000, 
X Velocity[A/fs],  -0.196971,   0.186195,  -0.831049,   0.839376,  
Y Velocity[A/fs],   0.010291,  -0.015945,   0.012449,   0.058203, 
Z Velocity[A/fs],  -0.008305,   0.006431,   0.017837,  -0.001336,  
Speed[A/fs],   0.197415,   0.186987,   0.831333,   0.841393,  
 
r_seed=196,   C[0],   C[1],   H[2],   H[3],  
Charges,    2.0653000000,    2.2552000000,    0.9991000000,    0.9999000000,  
Time[fs],  36.726000,  37.399000,   7.906000,   7.726000,  
Charge Sum,    6.3195000000, 
X Velocity[A/fs],  -0.192955,   0.189770,  -0.827829,   0.845579,  
Y Velocity[A/fs],   0.010863,   0.000636,   0.031424,  -0.010992, 
Z Velocity[A/fs],   0.004332,   0.006705,  -0.037317,  -0.028052,  
Speed[A/fs],   0.193309,   0.189890,   0.829265,   0.846115,  
 
r_seed=197,   C[0],   C[1],   H[2],   H[3],  
Charges,    2.0653000000,    2.2552000000,    0.9991000000,    0.9999000000,  
Time[fs],  35.385000,  38.780000,   7.777000,   7.758000,  
Charge Sum,    6.3195000000, 
X Velocity[A/fs],  -0.200071,   0.183606,  -0.832601,   0.838269,  
Y Velocity[A/fs],  -0.016553,   0.007168,   0.021081,   0.020450, 
Z Velocity[A/fs],  -0.000087,   0.003064,  -0.000527,  -0.013997,  
Speed[A/fs],   0.200755,   0.183771,   0.832868,   0.838636,  
 
r_seed=198,   C[0],   C[1],   H[2],   H[3],  
Charges,    2.0653000000,    2.2552000000,    0.9991000000,    0.9999000000,  
Time[fs],  36.200000,  37.921000,   7.874000,   7.703000,  
Charge Sum,    6.3195000000, 
X Velocity[A/fs],  -0.195508,   0.187309,  -0.829802,   0.841685,  
Y Velocity[A/fs],  -0.006799,   0.000177,   0.046875,  -0.042043, 
Z Velocity[A/fs],  -0.012580,   0.010999,   0.025824,  -0.022332,  
Speed[A/fs],   0.196030,   0.187632,   0.831526,   0.843030,  
 
r_seed=199,   C[0],   C[1],   H[2],   H[3],  
Charges,    2.0653000000,    2.2552000000,    0.9991000000,    0.9999000000,  
Time[fs],  35.656000,  38.519000,   7.873000,   7.725000,  
Charge Sum,    6.3195000000, 
X Velocity[A/fs],  -0.198334,   0.184712,  -0.834039,   0.839568,  
Y Velocity[A/fs],   0.004009,   0.001485,  -0.026276,  -0.023958, 
Z Velocity[A/fs],   0.003648,  -0.004441,   0.017278,  -0.013517,  
Speed[A/fs],   0.198408,   0.184771,   0.834632,   0.840019,  
 
r_seed=200,   C[0],   C[1],   H[2],   H[3],  
Charges,    2.0653000000,    2.2552000000,    0.9991000000,    0.9999000000,  
Time[fs],  36.151000,  38.011000,   7.892000,   7.764000,  
Charge Sum,    6.3195000000, 
X Velocity[A/fs],  -0.195989,   0.187006,  -0.829552,   0.842948,  
Y Velocity[A/fs],  -0.000230,   0.004673,  -0.060254,  -0.035153, 
Z Velocity[A/fs],  -0.002943,   0.003276,   0.024159,   0.013962,  
Speed[A/fs],   0.196011,   0.187093,   0.832088,   0.843796,  
 
