C2H2_14r176,   C[0],   C[1],   H[2],   H[3],  
Charges,    1.9177258015,    2.4599108696,    0.9989329322,    0.9999025309,  
Time[fs],  59.739000,  61.735000,  26.727000,  26.718000,  
Charge Sum,    6.3764721341, 
X Velocity[A/fs],  -0.175910,   0.167103,  -0.686981,   0.696354,  
Y Velocity[A/fs],  -0.000491,  -0.002676,   0.054730,   0.008570, 
Z Velocity[A/fs],   0.007800,   0.003518,  -0.031916,  -0.012344,  
Speed[A/fs],   0.176084,   0.167162,   0.689896,   0.696516,  
 
C2H2_14r161,   C[0],   C[1],   H[2],   H[3],  
Charges,    2.1946732998,    2.0543185472,    0.9993740457,    0.9998890607,  
Time[fs],  60.873000,  62.857000,  26.824000,  27.037000,  
Charge Sum,    6.2482549534, 
X Velocity[A/fs],  -0.172595,   0.164409,  -0.665127,   0.680971,  
Y Velocity[A/fs],   0.011089,  -0.007603,  -0.067409,   0.094257, 
Z Velocity[A/fs],  -0.002781,   0.000119,  -0.031670,   0.077676,  
Speed[A/fs],   0.172973,   0.164585,   0.669284,   0.691838,  
 
C2H2_14r17,   C[0],   C[1],   H[2],   H[3],  
Charges,    2.1782577038,    2.1106449366,    0.9993175764,    0.9999502398,  
Time[fs],  59.655000,  63.480000,  26.731000,  26.961000,  
Charge Sum,    6.2881704564, 
X Velocity[A/fs],  -0.177325,   0.162771,  -0.677327,   0.682308,  
Y Velocity[A/fs],   0.002842,  -0.000242,   0.041316,   0.005443, 
Z Velocity[A/fs],   0.005024,  -0.001812,  -0.049761,   0.083391,  
Speed[A/fs],   0.177419,   0.162781,   0.680408,   0.687407,  
 
C2H2_14r2,   C[0],   C[1],   H[2],   H[3],  
Charges,    2.0813866854,    2.2139211893,    0.9994640481,    0.9999633283,  
Time[fs],  60.790000,  61.904000,  26.728000,  26.865000,  
Charge Sum,    6.2947352511, 
X Velocity[A/fs],  -0.172752,   0.167386,  -0.668666,   0.682413,  
Y Velocity[A/fs],   0.001291,  -0.004369,  -0.056020,   0.079920, 
Z Velocity[A/fs],   0.008180,  -0.007365,  -0.058967,   0.109222,  
Speed[A/fs],   0.172950,   0.167605,   0.673595,   0.695704,  
 
C2H2_14r43,   C[0],   C[1],   H[2],   H[3],  
Charges,    2.0771647692,    2.2229580879,    0.9992335920,    0.9999602941,  
Time[fs],  59.933000,  62.737000,  26.736000,  26.920000,  
Charge Sum,    6.2993167431, 
X Velocity[A/fs],  -0.176186,   0.165022,  -0.677391,   0.681111,  
Y Velocity[A/fs],   0.003588,  -0.008331,   0.039657,   0.063808, 
Z Velocity[A/fs],   0.002288,  -0.001077,  -0.035444,   0.060158,  
Speed[A/fs],   0.176238,   0.165236,   0.679476,   0.686734,  
 
C2H2_14r84,   C[0],   C[1],   H[2],   H[3],  
Charges,    2.1098321676,    2.2295202017,    0.9992683897,    0.9999554261,  
Time[fs],  60.339000,  61.643000,  26.860000,  26.798000,  
Charge Sum,    6.3385761851, 
X Velocity[A/fs],  -0.174777,   0.168881,  -0.672087,   0.686901,  
Y Velocity[A/fs],   0.002284,  -0.002269,  -0.059947,   0.068293, 
Z Velocity[A/fs],   0.013212,  -0.001950,  -0.049487,  -0.002897,  
Speed[A/fs],   0.175291,   0.168907,   0.676568,   0.690294,  
 
C2H2_14r3,   C[0],   C[1],   H[2],   H[3],  
Charges,    2.2823024988,    2.0735789537,    0.9988920545,    0.9999010573,  
Time[fs],  61.931000,  59.951000,  26.917000,  26.780000,  
Charge Sum,    6.3546745644, 
X Velocity[A/fs],  -0.168627,   0.174703,  -0.679138,   0.694459,  
Y Velocity[A/fs],   0.004121,  -0.001449,  -0.021926,   0.028451, 
Z Velocity[A/fs],   0.000126,  -0.009232,   0.048427,   0.085768,  
Speed[A/fs],   0.168677,   0.174953,   0.681215,   0.700313,  
 
C2H2_14r46,   C[0],   C[1],   H[2],   H[3],  
Charges,    2.3248972893,    1.8974783421,    0.9997120039,    0.9999496739,  
Time[fs],  62.774000,  61.721000,  26.680000,  26.884000,  
Charge Sum,    6.2220373091, 
X Velocity[A/fs],  -0.165099,   0.167316,  -0.672151,   0.686235,  
Y Velocity[A/fs],   0.001475,  -0.008358,  -0.009386,   0.093198, 
Z Velocity[A/fs],   0.002305,  -0.001952,  -0.025519,   0.095721,  
Speed[A/fs],   0.165122,   0.167536,   0.672701,   0.699118,  
 
C2H2_14r164,   C[0],   C[1],   H[2],   H[3],  
Charges,    2.2632799149,    2.0742105246,    0.9992649026,    0.9999419774,  
Time[fs],  59.117000,  62.397000,  26.797000,  26.902000,  
Charge Sum,    6.3366973195, 
X Velocity[A/fs],  -0.178831,   0.166069,  -0.681532,   0.677538,  
Y Velocity[A/fs],   0.001170,   0.001009,  -0.038241,   0.055057, 
Z Velocity[A/fs],   0.010021,  -0.011030,  -0.059839,   0.099512,  
Speed[A/fs],   0.179115,   0.166438,   0.685222,   0.687016,  
 
C2H2_14r49,   C[0],   C[1],   H[2],   H[3],  
Charges,    2.2307589054,    2.0468357801,    0.9992745401,    0.9999106066,  
Time[fs],  61.515000,  61.861000,  26.779000,  26.923000,  
Charge Sum,    6.2767798323, 
X Velocity[A/fs],  -0.170180,   0.167674,  -0.671594,   0.688795,  
Y Velocity[A/fs],   0.000945,  -0.003263,   0.014377,   0.068032, 
Z Velocity[A/fs],  -0.006143,   0.008165,   0.098008,  -0.063736,  
Speed[A/fs],   0.170293,   0.167904,   0.678860,   0.695075,  
 
C2H2_14r52,   C[0],   C[1],   H[2],   H[3],  
Charges,    2.3932404518,    1.8941040039,    0.9994412008,    0.9999569073,  
Time[fs],  61.662000,  61.448000,  26.797000,  26.860000,  
Charge Sum,    6.2867425638, 
X Velocity[A/fs],  -0.169228,   0.168902,  -0.665962,   0.679968,  
Y Velocity[A/fs],   0.006726,  -0.008868,  -0.065468,   0.095882, 
Z Velocity[A/fs],   0.008640,  -0.003059,  -0.042381,   0.089016,  
Speed[A/fs],   0.169581,   0.169163,   0.670513,   0.692440,  
 
C2H2_14r55,   C[0],   C[1],   H[2],   H[3],  
Charges,    1.7974877357,    2.5380452871,    0.9989093784,    0.9998917227,  
Time[fs],  60.567000,  62.044000,  26.866000,  27.003000,  
Charge Sum,    6.3343341240, 
X Velocity[A/fs],  -0.173579,   0.166764,  -0.675008,   0.685690,  
Y Velocity[A/fs],  -0.004654,   0.011862,   0.092756,  -0.076271, 
Z Velocity[A/fs],   0.003446,   0.005925,  -0.018272,  -0.024725,  
Speed[A/fs],   0.173675,   0.167290,   0.681596,   0.690362,  
 
C2H2_14r123,   C[0],   C[1],   H[2],   H[3],  
Charges,    1.8345990181,    2.3311573267,    0.9992923660,    0.9999044451,  
Time[fs],  61.964000,  63.707000,  26.746000,  26.981000,  
Charge Sum,    6.1649531559, 
X Velocity[A/fs],  -0.167807,   0.160100,  -0.665548,   0.690177,  
Y Velocity[A/fs],   0.005424,   0.001409,  -0.041065,   0.006094, 
Z Velocity[A/fs],  -0.002853,   0.003322,   0.060591,  -0.016567,  
Speed[A/fs],   0.167919,   0.160140,   0.669561,   0.690403,  
 
C2H2_14r110,   C[0],   C[1],   H[2],   H[3],  
Charges,    1.7226319313,    2.5811802149,    0.9991938975,    0.9999499595,  
Time[fs],  61.644000,  62.282000,  26.791000,  26.831000,  
Charge Sum,    6.3029560033, 
X Velocity[A/fs],  -0.169238,   0.165104,  -0.672648,   0.696203,  
Y Velocity[A/fs],   0.003904,  -0.000920,  -0.050260,   0.083428, 
Z Velocity[A/fs],   0.007735,   0.003485,  -0.013938,  -0.010583,  
Speed[A/fs],   0.169460,   0.165143,   0.674667,   0.701263,  
 
C2H2_14r21,   C[0],   C[1],   H[2],   H[3],  
Charges,    2.0803755522,    2.2582694292,    0.9993861375,    0.9999293205,  
Time[fs],  59.515000,  62.483000,  26.739000,  26.869000,  
Charge Sum,    6.3379604394, 
X Velocity[A/fs],  -0.177168,   0.164923,  -0.676056,   0.690469,  
Y Velocity[A/fs],  -0.004565,  -0.004610,   0.069915,   0.065145, 
Z Velocity[A/fs],  -0.012393,   0.016018,   0.106964,  -0.040108,  
Speed[A/fs],   0.177659,   0.165763,   0.688027,   0.694694,  
 
C2H2_14r111,   C[0],   C[1],   H[2],   H[3],  
Charges,    2.1162780523,    2.1929417849,    0.9991367803,    0.9999460952,  
Time[fs],  60.274000,  61.687000,  26.879000,  26.934000,  
Charge Sum,    6.3083027126, 
X Velocity[A/fs],  -0.174995,   0.168779,  -0.670365,   0.680452,  
Y Velocity[A/fs],  -0.006448,  -0.002005,   0.071593,   0.059165, 
Z Velocity[A/fs],  -0.004990,   0.008815,   0.099668,  -0.063490,  
Speed[A/fs],   0.175185,   0.169021,   0.681505,   0.685964,  
 
C2H2_14r64,   C[0],   C[1],   H[2],   H[3],  
Charges,    1.8383522034,    2.5559499264,    0.9992344549,    0.9999368771,  
Time[fs],  59.470000,  60.779000,  26.866000,  26.744000,  
Charge Sum,    6.3934734618, 
X Velocity[A/fs],  -0.176376,   0.169775,  -0.675198,   0.692152,  
Y Velocity[A/fs],   0.010597,  -0.006352,  -0.066305,   0.083131, 
Z Velocity[A/fs],  -0.010309,   0.010016,   0.109426,  -0.063990,  
Speed[A/fs],   0.176995,   0.170189,   0.687214,   0.700057,  
 
C2H2_14r119,   C[0],   C[1],   H[2],   H[3],  
Charges,    2.0668531656,    2.2808454037,    0.9993836891,    0.9999424792,  
Time[fs],  58.653000,  63.442000,  26.704000,  26.892000,  
Charge Sum,    6.3470247377, 
X Velocity[A/fs],  -0.181002,   0.162387,  -0.683012,   0.687002,  
Y Velocity[A/fs],   0.005535,  -0.006332,   0.018016,   0.069763, 
Z Velocity[A/fs],  -0.006635,   0.007893,   0.108320,  -0.027086,  
Speed[A/fs],   0.181208,   0.162702,   0.691783,   0.691066,  
 
C2H2_14r35,   C[0],   C[1],   H[2],   H[3],  
Charges,    2.1185960770,    2.1026802063,    0.9995066886,    0.9998987475,  
Time[fs],  61.126000,  63.138000,  26.748000,  26.964000,  
Charge Sum,    6.2206817194, 
X Velocity[A/fs],  -0.171433,   0.163134,  -0.666519,   0.685629,  
Y Velocity[A/fs],   0.006985,   0.003913,  -0.021386,  -0.011381, 
Z Velocity[A/fs],  -0.002871,   0.005244,   0.094433,  -0.029723,  
Speed[A/fs],   0.171600,   0.163265,   0.673515,   0.686368,  
 
C2H2_14r56,   C[0],   C[1],   H[2],   H[3],  
Charges,    2.3560347557,    1.9464988708,    0.9990658187,    0.9999598480,  
Time[fs],  60.767000,  62.508000,  26.815000,  26.916000,  
Charge Sum,    6.3015592933, 
X Velocity[A/fs],  -0.173043,   0.166062,  -0.678451,   0.685733,  
Y Velocity[A/fs],   0.009410,  -0.000720,   0.034141,  -0.020275, 
Z Velocity[A/fs],  -0.008521,   0.002886,   0.072622,   0.025834,  
Speed[A/fs],   0.173508,   0.166088,   0.683180,   0.686519,  
 
C2H2_14r77,   C[0],   C[1],   H[2],   H[3],  
Charges,    2.4049944878,    1.9765021801,    0.9991732711,    0.9999547849,  
Time[fs],  60.840000,  60.152000,  26.815000,  26.771000,  
Charge Sum,    6.3806247238, 
X Velocity[A/fs],  -0.171978,   0.173500,  -0.678308,   0.687755,  
Y Velocity[A/fs],  -0.009201,   0.014135,   0.085568,  -0.074759, 
Z Velocity[A/fs],   0.005052,  -0.002952,  -0.052246,   0.089053,  
Speed[A/fs],   0.172298,   0.174100,   0.685677,   0.697515,  
 
C2H2_14r116,   C[0],   C[1],   H[2],   H[3],  
Charges,    1.8564341068,    2.3184477091,    0.9995561687,    0.9998905947,  
Time[fs],  63.127000,  62.388000,  26.815000,  27.003000,  
Charge Sum,    6.1743285793, 
X Velocity[A/fs],  -0.164250,   0.164750,  -0.658196,   0.687051,  
Y Velocity[A/fs],   0.005475,  -0.001315,  -0.033202,   0.020476, 
Z Velocity[A/fs],   0.005365,  -0.011008,  -0.043016,   0.103521,  
Speed[A/fs],   0.164429,   0.165122,   0.660435,   0.695108,  
 
C2H2_14r125,   C[0],   C[1],   H[2],   H[3],  
Charges,    2.0379718542,    2.2654734850,    0.9990838784,    0.9999400603,  
Time[fs],  59.345000,  63.465000,  26.756000,  27.011000,  
Charge Sum,    6.3024692778, 
X Velocity[A/fs],  -0.178636,   0.162797,  -0.680275,   0.681067,  
Y Velocity[A/fs],   0.000910,  -0.009375,   0.001928,   0.076996, 
Z Velocity[A/fs],   0.001047,  -0.004686,   0.058613,   0.055601,  
Speed[A/fs],   0.178641,   0.163134,   0.682798,   0.687657,  
 
C2H2_14r103,   C[0],   C[1],   H[2],   H[3],  
Charges,    2.0742454529,    2.2825161219,    0.9991957883,    0.9998941572,  
Time[fs],  60.384000,  60.832000,  26.777000,  26.800000,  
Charge Sum,    6.3558515203, 
X Velocity[A/fs],  -0.173839,   0.170609,  -0.674981,   0.693906,  
Y Velocity[A/fs],   0.006178,  -0.006116,  -0.059336,   0.105097, 
Z Velocity[A/fs],   0.004017,  -0.003642,  -0.058028,   0.090394,  
Speed[A/fs],   0.173996,   0.170758,   0.680064,   0.707617,  
 
C2H2_14r6,   C[0],   C[1],   H[2],   H[3],  
Charges,    2.5683317184,    1.8170082569,    0.9992293415,    0.9999425325,  
Time[fs],  59.368000,  62.101000,  26.613000,  26.666000,  
Charge Sum,    6.3845118493, 
X Velocity[A/fs],  -0.177146,   0.166581,  -0.693340,   0.681556,  
Y Velocity[A/fs],   0.000876,   0.000095,   0.055702,  -0.018981, 
Z Velocity[A/fs],   0.000014,   0.003718,   0.053608,  -0.031544,  
Speed[A/fs],   0.177148,   0.166622,   0.697636,   0.682550,  
 
C2H2_14r44,   C[0],   C[1],   H[2],   H[3],  
Charges,    2.1287735701,    2.2325600386,    0.9994027663,    0.9999223740,  
Time[fs],  59.957000,  61.033000,  26.823000,  26.850000,  
Charge Sum,    6.3606587489, 
X Velocity[A/fs],  -0.175606,   0.170593,  -0.682744,   0.684432,  
Y Velocity[A/fs],  -0.000105,   0.007029,  -0.007246,  -0.032376, 
Z Velocity[A/fs],  -0.005383,   0.009445,   0.113472,  -0.081782,  
Speed[A/fs],   0.175688,   0.170999,   0.692148,   0.690060,  
 
C2H2_14r174,   C[0],   C[1],   H[2],   H[3],  
Charges,    1.7808740139,    2.5752421618,    0.9989330731,    0.9999054055,  
Time[fs],  60.890000,  61.544000,  26.802000,  26.757000,  
Charge Sum,    6.3549546543, 
X Velocity[A/fs],  -0.171991,   0.168281,  -0.685966,   0.688896,  
Y Velocity[A/fs],  -0.000071,   0.008257,   0.001791,  -0.039371, 
Z Velocity[A/fs],   0.000398,   0.005773,   0.028662,  -0.033136,  
Speed[A/fs],   0.171992,   0.168583,   0.686567,   0.690816,  
 
C2H2_14r82,   C[0],   C[1],   H[2],   H[3],  
Charges,    2.0299135447,    2.2832915783,    0.9986261630,    0.9999535770,  
Time[fs],  59.336000,  62.462000,  26.659000,  26.815000,  
Charge Sum,    6.3117848630, 
X Velocity[A/fs],  -0.177245,   0.164221,  -0.676801,   0.692864,  
Y Velocity[A/fs],  -0.000143,  -0.004232,   0.041149,   0.039174, 
Z Velocity[A/fs],  -0.008953,   0.009566,   0.108431,  -0.046504,  
Speed[A/fs],   0.177471,   0.164553,   0.686666,   0.695527,  
 
C2H2_14r114,   C[0],   C[1],   H[2],   H[3],  
Charges,    2.3726170063,    1.9535591602,    0.9992394372,    0.9999434721,  
Time[fs],  60.915000,  61.280000,  26.861000,  26.861000,  
Charge Sum,    6.3253590758, 
X Velocity[A/fs],  -0.172153,   0.169940,  -0.670583,   0.680695,  
Y Velocity[A/fs],  -0.005047,   0.005706,   0.105036,  -0.039163, 
Z Velocity[A/fs],  -0.010224,   0.008230,   0.086052,  -0.060694,  
Speed[A/fs],   0.172531,   0.170235,   0.684193,   0.684516,  
 
C2H2_14r58,   C[0],   C[1],   H[2],   H[3],  
Charges,    2.1173607111,    2.2033044100,    0.9985322246,    0.9999374398,  
Time[fs],  60.880000,  60.976000,  26.890000,  26.790000,  
Charge Sum,    6.3191347854, 
X Velocity[A/fs],  -0.172619,   0.171353,  -0.680062,   0.681561,  
Y Velocity[A/fs],   0.009468,  -0.000669,  -0.027435,  -0.005649, 
Z Velocity[A/fs],   0.000731,   0.006490,   0.000983,  -0.035676,  
Speed[A/fs],   0.172880,   0.171477,   0.680616,   0.682518,  
 
C2H2_14r138,   C[0],   C[1],   H[2],   H[3],  
Charges,    2.8441507816,    1.5348222256,    0.9992582598,    0.9999293715,  
Time[fs],  60.740000,  61.856000,  26.707000,  26.812000,  
Charge Sum,    6.3781606385, 
X Velocity[A/fs],  -0.170134,   0.165546,  -0.680330,   0.682739,  
Y Velocity[A/fs],  -0.000471,  -0.000148,   0.046307,  -0.002183, 
Z Velocity[A/fs],  -0.011681,   0.018475,   0.117602,  -0.083884,  
Speed[A/fs],   0.170536,   0.166574,   0.691971,   0.687876,  
 
C2H2_14r39,   C[0],   C[1],   H[2],   H[3],  
Charges,    2.2258858681,    2.1108460426,    0.9989569399,    0.9999016989,  
Time[fs],  60.414000,  61.289000,  26.920000,  26.928000,  
Charge Sum,    6.3355905495, 
X Velocity[A/fs],  -0.174207,   0.169947,  -0.677756,   0.687764,  
Y Velocity[A/fs],  -0.000022,   0.004647,  -0.011807,  -0.015012, 
Z Velocity[A/fs],   0.009989,  -0.008575,  -0.071128,   0.103551,  
Speed[A/fs],   0.174493,   0.170227,   0.681580,   0.695678,  
 
C2H2_14r5,   C[0],   C[1],   H[2],   H[3],  
Charges,    1.7870697975,    2.5397887230,    0.9992757309,    0.9999492769,  
Time[fs],  62.181000,  61.135000,  26.813000,  26.758000,  
Charge Sum,    6.3260835283, 
X Velocity[A/fs],  -0.167697,   0.169591,  -0.672868,   0.694541,  
Y Velocity[A/fs],  -0.001269,   0.000204,   0.065419,  -0.041425, 
Z Velocity[A/fs],  -0.001137,   0.002293,   0.070170,  -0.043363,  
Speed[A/fs],   0.167706,   0.169607,   0.679673,   0.697125,  
 
C2H2_14r170,   C[0],   C[1],   H[2],   H[3],  
Charges,    2.0769691467,    2.2448312044,    0.9993175422,    0.9999380495,  
Time[fs],  61.004000,  61.394000,  26.839000,  26.896000,  
Charge Sum,    6.3210559428, 
X Velocity[A/fs],  -0.172157,   0.169212,  -0.665359,   0.686416,  
Y Velocity[A/fs],  -0.013217,   0.010319,   0.107476,  -0.072319, 
Z Velocity[A/fs],  -0.011280,   0.001885,   0.076991,   0.045270,  
Speed[A/fs],   0.173032,   0.169536,   0.678367,   0.691698,  
 
C2H2_14r171,   C[0],   C[1],   H[2],   H[3],  
Charges,    2.1526670456,    2.1581947803,    0.9990426633,    0.9999135349,  
Time[fs],  60.638000,  62.017000,  26.832000,  26.921000,  
Charge Sum,    6.3098180241, 
X Velocity[A/fs],  -0.173565,   0.167309,  -0.675289,   0.693361,  
Y Velocity[A/fs],  -0.005822,  -0.002013,   0.056754,   0.048032, 
Z Velocity[A/fs],   0.006122,  -0.001186,  -0.058572,   0.083575,  
Speed[A/fs],   0.173771,   0.167325,   0.680196,   0.700029,  
 
C2H2_14r158,   C[0],   C[1],   H[2],   H[3],  
Charges,    1.7859830856,    2.5215241909,    0.9995129727,    0.9999493232,  
Time[fs],  59.072000,  64.633000,  26.682000,  26.914000,  
Charge Sum,    6.3069695725, 
X Velocity[A/fs],  -0.178863,   0.157726,  -0.678912,   0.689651,  
Y Velocity[A/fs],   0.007859,   0.002132,  -0.045351,   0.002189, 
Z Velocity[A/fs],   0.006729,   0.000841,  -0.043753,  -0.003354,  
Speed[A/fs],   0.179162,   0.157743,   0.681830,   0.689662,  
 
C2H2_14r69,   C[0],   C[1],   H[2],   H[3],  
Charges,    2.0899202824,    2.2523965836,    0.9990546794,    0.9999094845,  
Time[fs],  59.950000,  61.920000,  26.831000,  26.880000,  
Charge Sum,    6.3412810298, 
X Velocity[A/fs],  -0.175813,   0.167456,  -0.682941,   0.694742,  
Y Velocity[A/fs],   0.003855,   0.003686,  -0.024344,  -0.007403, 
Z Velocity[A/fs],  -0.004501,   0.007332,   0.083789,  -0.034261,  
Speed[A/fs],   0.175913,   0.167657,   0.688493,   0.695626,  
 
C2H2_14r131,   C[0],   C[1],   H[2],   H[3],  
Charges,    1.6594810486,    2.7103420496,    0.9991045479,    0.9999516333,  
Time[fs],  60.782000,  61.904000,  26.744000,  26.710000,  
Charge Sum,    6.3688792794, 
X Velocity[A/fs],  -0.171972,   0.166339,  -0.683625,   0.688675,  
Y Velocity[A/fs],  -0.001835,  -0.001413,  -0.000616,   0.070587, 
Z Velocity[A/fs],   0.003412,  -0.003454,  -0.034934,   0.068604,  
Speed[A/fs],   0.172015,   0.166381,   0.684517,   0.695674,  
 
C2H2_14r113,   C[0],   C[1],   H[2],   H[3],  
Charges,    1.6662759781,    2.6681578159,    0.9991883996,    0.9999402800,  
Time[fs],  61.239000,  61.745000,  26.856000,  26.819000,  
Charge Sum,    6.3335624737, 
X Velocity[A/fs],  -0.170429,   0.167026,  -0.670726,   0.682556,  
Y Velocity[A/fs],  -0.003158,   0.005031,   0.095624,  -0.049477, 
Z Velocity[A/fs],   0.007370,  -0.006506,  -0.054188,   0.109645,  
Speed[A/fs],   0.170617,   0.167229,   0.679672,   0.693075,  
 
C2H2_14r91,   C[0],   C[1],   H[2],   H[3],  
Charges,    1.7628102303,    2.5847761631,    0.9992860032,    0.9999374466,  
Time[fs],  60.953000,  61.927000,  26.799000,  26.781000,  
Charge Sum,    6.3468098431, 
X Velocity[A/fs],  -0.171709,   0.166443,  -0.675221,   0.695130,  
Y Velocity[A/fs],   0.002878,   0.005901,  -0.027320,  -0.028079, 
Z Velocity[A/fs],  -0.004359,  -0.002880,   0.088058,  -0.033350,  
Speed[A/fs],   0.171788,   0.166572,   0.681486,   0.696496,  
 
C2H2_14r185,   C[0],   C[1],   H[2],   H[3],  
Charges,    1.9177629948,    2.4273729324,    0.9991578980,    0.9999094823,  
Time[fs],  59.356000,  62.938000,  26.697000,  26.893000,  
Charge Sum,    6.3442033075, 
X Velocity[A/fs],  -0.177364,   0.162937,  -0.684971,   0.695632,  
Y Velocity[A/fs],  -0.000530,   0.000093,   0.064513,  -0.023784, 
Z Velocity[A/fs],   0.008297,  -0.005475,  -0.059266,   0.072606,  
Speed[A/fs],   0.177559,   0.163029,   0.690550,   0.699815,  
 
C2H2_14r90,   C[0],   C[1],   H[2],   H[3],  
Charges,    2.0843608379,    2.2389894724,    0.9992710701,    0.9999661021,  
Time[fs],  59.937000,  62.337000,  26.708000,  26.838000,  
Charge Sum,    6.3225874826, 
X Velocity[A/fs],  -0.176143,   0.166359,  -0.678928,   0.681537,  
Y Velocity[A/fs],  -0.002020,  -0.006867,   0.044404,   0.077395, 
Z Velocity[A/fs],   0.008736,   0.005045,  -0.033736,  -0.015680,  
Speed[A/fs],   0.176371,   0.166577,   0.681214,   0.686096,  
 
C2H2_14r177,   C[0],   C[1],   H[2],   H[3],  
Charges,    2.0281186104,    2.3201279640,    0.9991378851,    0.9999118432,  
Time[fs],  60.225000,  61.456000,  26.848000,  26.932000,  
Charge Sum,    6.3472963027, 
X Velocity[A/fs],  -0.175001,   0.169040,  -0.678427,   0.689677,  
Y Velocity[A/fs],   0.000197,  -0.001504,  -0.036232,   0.079289, 
Z Velocity[A/fs],   0.006661,  -0.004419,  -0.052648,   0.104473,  
Speed[A/fs],   0.175128,   0.169104,   0.681431,   0.702037,  
 
C2H2_14r191,   C[0],   C[1],   H[2],   H[3],  
Charges,    1.9125826359,    2.3900002241,    0.9994268088,    0.9999530677,  
Time[fs],  62.001000,  61.121000,  26.757000,  26.868000,  
Charge Sum,    6.3019627365, 
X Velocity[A/fs],  -0.168365,   0.169771,  -0.670692,   0.686334,  
Y Velocity[A/fs],  -0.005555,   0.006426,   0.087026,  -0.058275, 
Z Velocity[A/fs],   0.003071,  -0.015295,   0.028266,   0.098635,  
Speed[A/fs],   0.168484,   0.170580,   0.676905,   0.695830,  
 
C2H2_14r128,   C[0],   C[1],   H[2],   H[3],  
Charges,    2.2605773211,    1.9764177799,    0.9994703056,    0.9999189302,  
Time[fs],  61.761000,  62.527000,  26.762000,  26.906000,  
Charge Sum,    6.2363843368, 
X Velocity[A/fs],  -0.169282,   0.165567,  -0.670675,   0.683653,  
Y Velocity[A/fs],   0.003774,  -0.005059,  -0.001821,   0.065131, 
Z Velocity[A/fs],  -0.004948,   0.004335,   0.064547,  -0.026881,  
Speed[A/fs],   0.169396,   0.165701,   0.673776,   0.687275,  
 
C2H2_14r63,   C[0],   C[1],   H[2],   H[3],  
Charges,    2.0850602388,    2.3305038214,    0.9992979288,    0.9999681238,  
Time[fs],  58.679000,  60.586000,  26.721000,  26.663000,  
Charge Sum,    6.4148301128, 
X Velocity[A/fs],  -0.180120,   0.171532,  -0.689194,   0.684690,  
Y Velocity[A/fs],  -0.006096,   0.005787,   0.097428,  -0.061977, 
Z Velocity[A/fs],  -0.001717,   0.003955,   0.070296,  -0.035663,  
Speed[A/fs],   0.180231,   0.171675,   0.699587,   0.688413,  
 
C2H2_14r38,   C[0],   C[1],   H[2],   H[3],  
Charges,    2.2858792543,    2.0902127028,    0.9991245461,    0.9999452375,  
Time[fs],  61.072000,  59.835000,  26.725000,  26.680000,  
Charge Sum,    6.3751617407, 
X Velocity[A/fs],  -0.171200,   0.174637,  -0.684580,   0.690101,  
Y Velocity[A/fs],   0.002620,  -0.002775,   0.002412,   0.055565, 
Z Velocity[A/fs],  -0.000694,   0.010386,   0.018110,  -0.060684,  
Speed[A/fs],   0.171222,   0.174967,   0.684824,   0.694989,  
 
C2H2_14r33,   C[0],   C[1],   H[2],   H[3],  
Charges,    2.1727975607,    2.1863465309,    0.9988779011,    0.9998680537,  
Time[fs],  60.502000,  60.826000,  26.870000,  26.853000,  
Charge Sum,    6.3578900465, 
X Velocity[A/fs],  -0.173386,   0.170973,  -0.680319,   0.695870,  
Y Velocity[A/fs],  -0.010188,   0.007858,   0.111120,  -0.058857, 
Z Velocity[A/fs],   0.001615,   0.003007,   0.027480,  -0.031024,  
Speed[A/fs],   0.173692,   0.171180,   0.689882,   0.699043,  
 
C2H2_14r81,   C[0],   C[1],   H[2],   H[3],  
Charges,    2.0285921097,    2.2315983772,    0.9995819873,    0.9999120903,  
Time[fs],  62.400000,  61.140000,  26.754000,  26.880000,  
Charge Sum,    6.2596845646, 
X Velocity[A/fs],  -0.166992,   0.169651,  -0.668545,   0.687719,  
Y Velocity[A/fs],  -0.007525,   0.008318,   0.065463,  -0.067422, 
Z Velocity[A/fs],   0.005269,   0.004559,  -0.023374,  -0.027549,  
Speed[A/fs],   0.167245,   0.169916,   0.672149,   0.691564,  
 
C2H2_14r109,   C[0],   C[1],   H[2],   H[3],  
Charges,    1.7191677094,    2.6426166296,    0.9989852194,    0.9999161157,  
Time[fs],  61.387000,  60.968000,  26.819000,  26.781000,  
Charge Sum,    6.3606856740, 
X Velocity[A/fs],  -0.169873,   0.169787,  -0.681203,   0.685712,  
Y Velocity[A/fs],  -0.000501,  -0.008818,   0.052841,   0.064056, 
Z Velocity[A/fs],  -0.005290,   0.013025,   0.045236,  -0.058811,  
Speed[A/fs],   0.169956,   0.170514,   0.684745,   0.691204,  
 
C2H2_14r40,   C[0],   C[1],   H[2],   H[3],  
Charges,    2.1528012753,    2.2242121696,    0.9993014925,    0.9998948397,  
Time[fs],  58.534000,  61.639000,  26.700000,  26.817000,  
Charge Sum,    6.3762097771, 
X Velocity[A/fs],  -0.180165,   0.166980,  -0.685601,   0.696894,  
Y Velocity[A/fs],   0.011078,  -0.007384,  -0.070434,   0.057776, 
Z Velocity[A/fs],   0.003247,  -0.003435,  -0.028068,   0.076547,  
Speed[A/fs],   0.180535,   0.167179,   0.689781,   0.703462,  
 
C2H2_14r10,   C[0],   C[1],   H[2],   H[3],  
Charges,    1.7564218044,    2.5602005720,    0.9990752441,    0.9999572646,  
Time[fs],  61.427000,  62.245000,  26.786000,  26.811000,  
Charge Sum,    6.3156548852, 
X Velocity[A/fs],  -0.170258,   0.165639,  -0.675443,   0.694339,  
Y Velocity[A/fs],  -0.002373,  -0.002323,   0.052282,   0.058600, 
Z Velocity[A/fs],  -0.005194,   0.001880,   0.070527,  -0.031198,  
Speed[A/fs],   0.170354,   0.165666,   0.681124,   0.697506,  
 
C2H2_14r54,   C[0],   C[1],   H[2],   H[3],  
Charges,    1.7230153084,    2.5810182095,    0.9992581388,    0.9999660569,  
Time[fs],  61.043000,  63.037000,  26.734000,  26.818000,  
Charge Sum,    6.3032577135, 
X Velocity[A/fs],  -0.171471,   0.162818,  -0.678209,   0.691669,  
Y Velocity[A/fs],   0.001714,   0.003364,  -0.029294,  -0.001602, 
Z Velocity[A/fs],   0.009338,   0.002063,  -0.001880,   0.007651,  
Speed[A/fs],   0.171734,   0.162866,   0.678844,   0.691713,  
 
C2H2_14r118,   C[0],   C[1],   H[2],   H[3],  
Charges,    1.6952416897,    2.6484425068,    0.9991589395,    0.9999205550,  
Time[fs],  60.412000,  62.887000,  26.774000,  26.846000,  
Charge Sum,    6.3427636910, 
X Velocity[A/fs],  -0.173107,   0.162623,  -0.676873,   0.696218,  
Y Velocity[A/fs],   0.007584,  -0.011498,  -0.036064,   0.086877, 
Z Velocity[A/fs],  -0.006921,  -0.001206,   0.088103,   0.021831,  
Speed[A/fs],   0.173412,   0.163034,   0.683535,   0.701957,  
 
C2H2_14r19,   C[0],   C[1],   H[2],   H[3],  
Charges,    2.0456310511,    2.2904381752,    0.9995481881,    0.9998986113,  
Time[fs],  61.237000,  60.359000,  26.979000,  26.937000,  
Charge Sum,    6.3355160256, 
X Velocity[A/fs],  -0.171132,   0.173029,  -0.671338,   0.682219,  
Y Velocity[A/fs],   0.012057,  -0.011304,  -0.056327,   0.122668, 
Z Velocity[A/fs],  -0.006204,   0.007323,   0.097478,  -0.057515,  
Speed[A/fs],   0.171668,   0.173553,   0.680712,   0.695542,  
 
C2H2_14r86,   C[0],   C[1],   H[2],   H[3],  
Charges,    1.7621440887,    2.4923477173,    0.9994937542,    0.9999460444,  
Time[fs],  60.103000,  64.604000,  26.641000,  26.959000,  
Charge Sum,    6.2539316046, 
X Velocity[A/fs],  -0.174563,   0.157517,  -0.678190,   0.687900,  
Y Velocity[A/fs],   0.001515,  -0.010425,   0.026636,   0.081398, 
Z Velocity[A/fs],  -0.005723,  -0.000904,   0.069765,   0.039987,  
Speed[A/fs],   0.174664,   0.157865,   0.682289,   0.693852,  
 
C2H2_14r108,   C[0],   C[1],   H[2],   H[3],  
Charges,    1.7469546795,    2.5251423120,    0.9989549987,    0.9998986024,  
Time[fs],  61.116000,  63.267000,  26.793000,  26.968000,  
Charge Sum,    6.2709505926, 
X Velocity[A/fs],  -0.171086,   0.162026,  -0.674390,   0.694887,  
Y Velocity[A/fs],   0.003379,  -0.001701,  -0.037832,   0.061947, 
Z Velocity[A/fs],  -0.005205,  -0.005201,   0.051858,   0.065445,  
Speed[A/fs],   0.171198,   0.162119,   0.677438,   0.700706,  
 
C2H2_14r79,   C[0],   C[1],   H[2],   H[3],  
Charges,    2.3877226114,    1.9373335838,    0.9988556096,    0.9999102851,  
Time[fs],  62.299000,  60.429000,  26.909000,  26.914000,  
Charge Sum,    6.3238220899, 
X Velocity[A/fs],  -0.167751,   0.173448,  -0.672331,   0.686096,  
Y Velocity[A/fs],   0.001481,  -0.004292,  -0.020966,   0.081301, 
Z Velocity[A/fs],  -0.000735,   0.007843,   0.079954,  -0.064005,  
Speed[A/fs],   0.167759,   0.173678,   0.677393,   0.693855,  
 
C2H2_14r162,   C[0],   C[1],   H[2],   H[3],  
Charges,    1.7069697380,    2.5536202192,    0.9996368828,    0.9999596180,  
Time[fs],  61.334000,  63.144000,  26.628000,  26.792000,  
Charge Sum,    6.2601864580, 
X Velocity[A/fs],  -0.169917,   0.161897,  -0.673907,   0.685344,  
Y Velocity[A/fs],   0.005890,  -0.000121,  -0.035578,   0.014062, 
Z Velocity[A/fs],   0.001800,   0.004179,   0.050661,  -0.040413,  
Speed[A/fs],   0.170029,   0.161951,   0.676744,   0.686678,  
 
C2H2_14r57,   C[0],   C[1],   H[2],   H[3],  
Charges,    1.9609215260,    2.3289915323,    0.9987389841,    0.9999226065,  
Time[fs],  60.686000,  62.074000,  26.917000,  26.984000,  
Charge Sum,    6.2885746489, 
X Velocity[A/fs],  -0.173595,   0.167403,  -0.676301,   0.686890,  
Y Velocity[A/fs],   0.006883,  -0.008457,   0.014699,   0.069702, 
Z Velocity[A/fs],   0.000978,  -0.001658,   0.047579,   0.034221,  
Speed[A/fs],   0.173734,   0.167625,   0.678132,   0.691265,  
 
C2H2_14r95,   C[0],   C[1],   H[2],   H[3],  
Charges,    1.9041972160,    2.3938158751,    0.9993401981,    0.9999663251,  
Time[fs],  59.729000,  63.583000,  26.649000,  26.885000,  
Charge Sum,    6.2973196142, 
X Velocity[A/fs],  -0.176673,   0.161789,  -0.681256,   0.682202,  
Y Velocity[A/fs],  -0.000479,   0.008247,  -0.007415,  -0.038339, 
Z Velocity[A/fs],  -0.001322,   0.001214,   0.049142,   0.037329,  
Speed[A/fs],   0.176679,   0.162004,   0.683066,   0.684297,  
 
C2H2_14r11,   C[0],   C[1],   H[2],   H[3],  
Charges,    1.8697440624,    2.4234707355,    0.9991006878,    0.9999225240,  
Time[fs],  60.594000,  62.769000,  26.778000,  26.968000,  
Charge Sum,    6.2922380098, 
X Velocity[A/fs],  -0.173296,   0.164017,  -0.671944,   0.691185,  
Y Velocity[A/fs],   0.000984,  -0.008659,  -0.064779,   0.111777, 
Z Velocity[A/fs],   0.004321,   0.002652,  -0.035938,   0.009820,  
Speed[A/fs],   0.173353,   0.164267,   0.676015,   0.700234,  
 
C2H2_14r100,   C[0],   C[1],   H[2],   H[3],  
Charges,    2.9501366615,    1.3912203312,    0.9992639360,    0.9999580110,  
Time[fs],  62.329000,  62.566000,  26.746000,  26.739000,  
Charge Sum,    6.3405789397, 
X Velocity[A/fs],  -0.163890,   0.163018,  -0.681354,   0.672577,  
Y Velocity[A/fs],   0.008144,  -0.007802,  -0.060443,   0.099650, 
Z Velocity[A/fs],  -0.005639,  -0.000438,   0.046857,   0.063827,  
Speed[A/fs],   0.164189,   0.163205,   0.685633,   0.682909,  
 
C2H2_14r4,   C[0],   C[1],   H[2],   H[3],  
Charges,    1.9421150684,    2.4366741180,    0.9988028200,    0.9999334512,  
Time[fs],  60.515000,  60.071000,  26.767000,  26.726000,  
Charge Sum,    6.3775254576, 
X Velocity[A/fs],  -0.172651,   0.172614,  -0.680272,   0.697257,  
Y Velocity[A/fs],   0.003325,  -0.011818,   0.011479,   0.091675, 
Z Velocity[A/fs],  -0.005247,   0.004093,   0.083456,  -0.017882,  
Speed[A/fs],   0.172762,   0.173067,   0.685468,   0.703485,  
 
C2H2_14r132,   C[0],   C[1],   H[2],   H[3],  
Charges,    1.8848478794,    2.4706051350,    0.9989478037,    0.9999213554,  
Time[fs],  61.087000,  61.099000,  26.854000,  26.796000,  
Charge Sum,    6.3543221736, 
X Velocity[A/fs],  -0.171644,   0.170049,  -0.680036,   0.692588,  
Y Velocity[A/fs],  -0.000977,   0.000161,   0.069907,  -0.023866, 
Z Velocity[A/fs],  -0.001661,   0.011347,   0.000553,  -0.042562,  
Speed[A/fs],   0.171655,   0.170427,   0.683620,   0.694305,  
 
C2H2_14r145,   C[0],   C[1],   H[2],   H[3],  
Charges,    2.5301030874,    1.8312919140,    0.9993102142,    0.9999058453,  
Time[fs],  58.454000,  63.383000,  26.719000,  26.938000,  
Charge Sum,    6.3606110610, 
X Velocity[A/fs],  -0.180588,   0.161631,  -0.679906,   0.686974,  
Y Velocity[A/fs],   0.010600,  -0.006847,  -0.092852,   0.099049, 
Z Velocity[A/fs],   0.006223,   0.004170,  -0.047708,  -0.009499,  
Speed[A/fs],   0.181006,   0.161830,   0.687873,   0.694143,  
 
C2H2_14r120,   C[0],   C[1],   H[2],   H[3],  
Charges,    2.0249065161,    2.2920126915,    0.9994827336,    0.9999151868,  
Time[fs],  60.954000,  61.266000,  26.947000,  26.942000,  
Charge Sum,    6.3163171280, 
X Velocity[A/fs],  -0.172571,   0.170097,  -0.676068,   0.688651,  
Y Velocity[A/fs],   0.000776,   0.000737,  -0.023046,   0.068103, 
Z Velocity[A/fs],  -0.005856,   0.004718,   0.078127,  -0.043664,  
Speed[A/fs],   0.172672,   0.170164,   0.680957,   0.693386,  
 
C2H2_14r68,   C[0],   C[1],   H[2],   H[3],  
Charges,    1.7154157162,    2.6268904209,    0.9988834778,    0.9999359358,  
Time[fs],  61.698000,  61.423000,  26.891000,  26.795000,  
Charge Sum,    6.3411255506, 
X Velocity[A/fs],  -0.169186,   0.168405,  -0.674065,   0.690181,  
Y Velocity[A/fs],  -0.014613,   0.003100,   0.085703,   0.009438, 
Z Velocity[A/fs],   0.002159,   0.002736,   0.049981,  -0.035869,  
Speed[A/fs],   0.169830,   0.168455,   0.681327,   0.691177,  
 
C2H2_14r89,   C[0],   C[1],   H[2],   H[3],  
Charges,    2.0201411247,    2.3092964888,    0.9987875677,    0.9999273694,  
Time[fs],  60.393000,  61.786000,  26.889000,  26.892000,  
Charge Sum,    6.3281525506, 
X Velocity[A/fs],  -0.174493,   0.168275,  -0.680332,   0.687849,  
Y Velocity[A/fs],  -0.006802,  -0.001419,   0.014137,   0.069529, 
Z Velocity[A/fs],  -0.009353,   0.002514,   0.083377,   0.000640,  
Speed[A/fs],   0.174876,   0.168300,   0.685568,   0.691354,  
 
C2H2_14r137,   C[0],   C[1],   H[2],   H[3],  
Charges,    2.0508817434,    2.2292008400,    0.9992426033,    0.9999205039,  
Time[fs],  61.037000,  62.201000,  26.801000,  26.984000,  
Charge Sum,    6.2792456906, 
X Velocity[A/fs],  -0.172377,   0.166956,  -0.672151,   0.683192,  
Y Velocity[A/fs],   0.001280,  -0.007371,  -0.034732,   0.104650, 
Z Velocity[A/fs],   0.006395,   0.000792,  -0.009168,  -0.011995,  
Speed[A/fs],   0.172500,   0.167120,   0.673110,   0.691265,  
 
C2H2_14r70,   C[0],   C[1],   H[2],   H[3],  
Charges,    1.8426129818,    2.5156426430,    0.9992064118,    0.9999350220,  
Time[fs],  59.551000,  62.505000,  26.799000,  26.877000,  
Charge Sum,    6.3573970586, 
X Velocity[A/fs],  -0.177102,   0.164889,  -0.680607,   0.690395,  
Y Velocity[A/fs],  -0.008043,  -0.002727,   0.085473,   0.031929, 
Z Velocity[A/fs],  -0.001657,   0.007991,   0.084904,  -0.052345,  
Speed[A/fs],   0.177293,   0.165105,   0.691187,   0.693113,  
 
C2H2_14r93,   C[0],   C[1],   H[2],   H[3],  
Charges,    1.6964344978,    2.6296093464,    0.9986659322,    0.9999287761,  
Time[fs],  61.228000,  62.191000,  26.903000,  26.861000,  
Charge Sum,    6.3246385525, 
X Velocity[A/fs],  -0.170816,   0.165908,  -0.677459,   0.690632,  
Y Velocity[A/fs],  -0.007502,   0.003925,   0.076928,   0.021325, 
Z Velocity[A/fs],   0.002102,  -0.008176,   0.028265,   0.064484,  
Speed[A/fs],   0.170994,   0.166156,   0.682399,   0.693963,  
 
C2H2_14r50,   C[0],   C[1],   H[2],   H[3],  
Charges,    2.1477859020,    2.2091120481,    0.9992451957,    0.9998888937,  
Time[fs],  60.287000,  60.992000,  26.780000,  26.808000,  
Charge Sum,    6.3560320396, 
X Velocity[A/fs],  -0.174226,   0.170078,  -0.674149,   0.694299,  
Y Velocity[A/fs],   0.010339,  -0.011640,  -0.077955,   0.108130, 
Z Velocity[A/fs],   0.006452,  -0.000227,  -0.026770,  -0.011297,  
Speed[A/fs],   0.174651,   0.170476,   0.679169,   0.702760,  
 
C2H2_14r106,   C[0],   C[1],   H[2],   H[3],  
Charges,    1.6644349098,    2.6801995039,    0.9989905522,    0.9999388567,  
Time[fs],  61.422000,  61.672000,  26.837000,  26.780000,  
Charge Sum,    6.3435638225, 
X Velocity[A/fs],  -0.169681,   0.167185,  -0.676559,   0.684995,  
Y Velocity[A/fs],   0.008627,  -0.012540,  -0.048802,   0.073335, 
Z Velocity[A/fs],   0.000730,  -0.002317,  -0.001128,   0.073104,  
Speed[A/fs],   0.169902,   0.167671,   0.678318,   0.692777,  
 
C2H2_14r92,   C[0],   C[1],   H[2],   H[3],  
Charges,    2.1962906122,    2.1377801895,    0.9991096882,    0.9999281749,  
Time[fs],  60.170000,  61.382000,  26.894000,  26.859000,  
Charge Sum,    6.3331086648, 
X Velocity[A/fs],  -0.175016,   0.169757,  -0.678311,   0.683325,  
Y Velocity[A/fs],  -0.004806,   0.006579,   0.113432,  -0.063056, 
Z Velocity[A/fs],  -0.006100,   0.001947,   0.067665,   0.048335,  
Speed[A/fs],   0.175188,   0.169896,   0.691051,   0.687928,  
 
C2H2_14r155,   C[0],   C[1],   H[2],   H[3],  
Charges,    2.0259624720,    2.3346356153,    0.9992517813,    0.9999255531,  
Time[fs],  61.162000,  60.195000,  26.768000,  26.854000,  
Charge Sum,    6.3597754216, 
X Velocity[A/fs],  -0.171046,   0.173015,  -0.676129,   0.689879,  
Y Velocity[A/fs],  -0.007805,   0.011473,   0.095191,  -0.083218, 
Z Velocity[A/fs],   0.004870,  -0.011362,  -0.000204,   0.103728,  
Speed[A/fs],   0.171294,   0.173767,   0.682797,   0.702579,  
 
C2H2_14r51,   C[0],   C[1],   H[2],   H[3],  
Charges,    2.0094234943,    2.1597803831,    0.9995224607,    0.9999067474,  
Time[fs],  61.384000,  64.186000,  26.683000,  27.007000,  
Charge Sum,    6.1686330856, 
X Velocity[A/fs],  -0.170212,   0.159369,  -0.670153,   0.684098,  
Y Velocity[A/fs],  -0.005333,   0.006413,   0.060228,  -0.037127, 
Z Velocity[A/fs],  -0.006628,   0.006018,  -0.021036,   0.037670,  
Speed[A/fs],   0.170425,   0.159612,   0.673182,   0.686139,  
 
C2H2_14r22,   C[0],   C[1],   H[2],   H[3],  
Charges,    2.3914372921,    1.9698140621,    0.9990401274,    0.9999074168,  
Time[fs],  61.043000,  60.324000,  26.749000,  26.689000,  
Charge Sum,    6.3601988984, 
X Velocity[A/fs],  -0.171009,   0.172426,  -0.681259,   0.694554,  
Y Velocity[A/fs],   0.008783,  -0.002033,  -0.037434,   0.026204, 
Z Velocity[A/fs],   0.001114,  -0.003255,  -0.019511,   0.077883,  
Speed[A/fs],   0.171238,   0.172469,   0.682566,   0.699398,  
 
C2H2_14r147,   C[0],   C[1],   H[2],   H[3],  
Charges,    1.7844030857,    2.5634372234,    0.9991819372,    0.9999192150,  
Time[fs],  60.484000,  61.995000,  26.827000,  26.927000,  
Charge Sum,    6.3469414614, 
X Velocity[A/fs],  -0.173456,   0.166244,  -0.674880,   0.693059,  
Y Velocity[A/fs],   0.008768,  -0.009086,  -0.072483,   0.111797, 
Z Velocity[A/fs],  -0.002513,   0.009024,  -0.010867,  -0.030254,  
Speed[A/fs],   0.173696,   0.166737,   0.678848,   0.702669,  
 
C2H2_14r112,   C[0],   C[1],   H[2],   H[3],  
Charges,    1.9992227554,    2.3394479752,    0.9989526805,    0.9999367056,  
Time[fs],  60.093000,  62.221000,  26.773000,  26.878000,  
Charge Sum,    6.3375601167, 
X Velocity[A/fs],  -0.175700,   0.166847,  -0.683057,   0.687578,  
Y Velocity[A/fs],   0.000551,  -0.007385,  -0.031479,   0.072890, 
Z Velocity[A/fs],   0.001449,  -0.007262,   0.044268,   0.063991,  
Speed[A/fs],   0.175707,   0.167168,   0.685213,   0.694385,  
 
C2H2_14r141,   C[0],   C[1],   H[2],   H[3],  
Charges,    2.2600831985,    2.1404305696,    0.9988046604,    0.9999202990,  
Time[fs],  59.583000,  59.798000,  26.822000,  26.742000,  
Charge Sum,    6.3992387276, 
X Velocity[A/fs],  -0.176430,   0.174119,  -0.675189,   0.693231,  
Y Velocity[A/fs],   0.009620,  -0.011816,  -0.063471,   0.109918, 
Z Velocity[A/fs],   0.011147,  -0.003306,  -0.061042,   0.052361,  
Speed[A/fs],   0.177043,   0.174551,   0.680908,   0.703842,  
 
C2H2_14r146,   C[0],   C[1],   H[2],   H[3],  
Charges,    1.9671394825,    2.3826966286,    0.9992034011,    0.9999232371,  
Time[fs],  59.827000,  61.775000,  26.857000,  26.861000,  
Charge Sum,    6.3489627493, 
X Velocity[A/fs],  -0.176276,   0.167906,  -0.679357,   0.686676,  
Y Velocity[A/fs],   0.002024,  -0.008015,  -0.057731,   0.096341, 
Z Velocity[A/fs],  -0.006714,   0.003880,   0.087754,  -0.000558,  
Speed[A/fs],   0.176415,   0.168142,   0.687430,   0.693401,  
 
C2H2_14r129,   C[0],   C[1],   H[2],   H[3],  
Charges,    2.2095024586,    2.1189234257,    0.9989582481,    0.9999576102,  
Time[fs],  60.900000,  61.691000,  26.810000,  26.818000,  
Charge Sum,    6.3273417425, 
X Velocity[A/fs],  -0.172830,   0.168965,  -0.679561,   0.688338,  
Y Velocity[A/fs],  -0.004057,   0.008991,  -0.016030,   0.051619, 
Z Velocity[A/fs],   0.003696,   0.005554,  -0.028023,  -0.011197,  
Speed[A/fs],   0.172917,   0.169295,   0.680327,   0.690362,  
 
C2H2_14r160,   C[0],   C[1],   H[2],   H[3],  
Charges,    1.9646782875,    2.3240884542,    0.9991854385,    0.9998482405,  
Time[fs],  61.600000,  61.632000,  26.909000,  27.000000,  
Charge Sum,    6.2878004207, 
X Velocity[A/fs],  -0.170341,   0.168545,  -0.663597,   0.688734,  
Y Velocity[A/fs],   0.005164,  -0.002743,  -0.039065,   0.094801, 
Z Velocity[A/fs],   0.008228,  -0.006178,  -0.064483,   0.097524,  
Speed[A/fs],   0.170618,   0.168681,   0.667866,   0.702035,  
 
C2H2_14r80,   C[0],   C[1],   H[2],   H[3],  
Charges,    1.7369577885,    2.6244547367,    0.9993569383,    0.9999554125,  
Time[fs],  60.049000,  62.393000,  26.685000,  26.710000,  
Charge Sum,    6.3607248760, 
X Velocity[A/fs],  -0.174962,   0.164881,  -0.681135,   0.686872,  
Y Velocity[A/fs],  -0.001663,  -0.002313,  -0.041607,   0.074638, 
Z Velocity[A/fs],   0.008717,   0.004008,  -0.035018,  -0.014238,  
Speed[A/fs],   0.175187,   0.164946,   0.683302,   0.691062,  
 
C2H2_14r192,   C[0],   C[1],   H[2],   H[3],  
Charges,    2.0719991922,    2.3232358694,    0.9984337782,    0.9999387189,  
Time[fs],  58.871000,  60.783000,  26.693000,  26.709000,  
Charge Sum,    6.3936075587, 
X Velocity[A/fs],  -0.179016,   0.170249,  -0.686930,   0.693773,  
Y Velocity[A/fs],   0.001819,   0.007398,  -0.023111,  -0.035324, 
Z Velocity[A/fs],   0.003706,  -0.003096,  -0.044125,   0.079253,  
Speed[A/fs],   0.179063,   0.170438,   0.688734,   0.699178,  
 
C2H2_14r59,   C[0],   C[1],   H[2],   H[3],  
Charges,    1.9952971935,    2.2231905460,    0.9992557038,    0.9997833348,  
Time[fs],  61.311000,  63.279000,  26.817000,  27.155000,  
Charge Sum,    6.2175267782, 
X Velocity[A/fs],  -0.170828,   0.162538,  -0.667235,   0.681965,  
Y Velocity[A/fs],  -0.007984,   0.005491,   0.080943,  -0.026514, 
Z Velocity[A/fs],   0.006089,  -0.012356,  -0.029844,   0.096662,  
Speed[A/fs],   0.171123,   0.163100,   0.672789,   0.689291,  
 
C2H2_14r193,   C[0],   C[1],   H[2],   H[3],  
Charges,    2.2021085024,    1.9922211170,    0.9995853195,    0.9999176140,  
Time[fs],  63.677000,  61.496000,  26.848000,  26.871000,  
Charge Sum,    6.1938325528, 
X Velocity[A/fs],  -0.162668,   0.168549,  -0.664831,   0.691155,  
Y Velocity[A/fs],   0.003626,   0.000126,  -0.030287,   0.041877, 
Z Velocity[A/fs],  -0.004010,   0.006947,   0.000781,  -0.018741,  
Speed[A/fs],   0.162758,   0.168692,   0.665521,   0.692676,  
 
C2H2_14r169,   C[0],   C[1],   H[2],   H[3],  
Charges,    1.9805905819,    2.3819385767,    0.9990255200,    0.9999448980,  
Time[fs],  61.569000,  59.710000,  26.718000,  26.606000,  
Charge Sum,    6.3614995766, 
X Velocity[A/fs],  -0.169443,   0.174636,  -0.678874,   0.691459,  
Y Velocity[A/fs],  -0.001714,   0.004263,   0.000274,   0.000267, 
Z Velocity[A/fs],  -0.000242,   0.001870,   0.062079,  -0.038424,  
Speed[A/fs],   0.169452,   0.174698,   0.681707,   0.692526,  
 
C2H2_14r157,   C[0],   C[1],   H[2],   H[3],  
Charges,    2.1428322792,    2.1342186928,    0.9987254960,    0.9998540763,  
Time[fs],  60.182000,  63.241000,  26.798000,  27.091000,  
Charge Sum,    6.2756305443, 
X Velocity[A/fs],  -0.175115,   0.163219,  -0.678847,   0.687659,  
Y Velocity[A/fs],  -0.001401,   0.004952,   0.035914,  -0.024391, 
Z Velocity[A/fs],  -0.003090,   0.003379,   0.087483,  -0.034214,  
Speed[A/fs],   0.175148,   0.163329,   0.685402,   0.688942,  
 
C2H2_14r94,   C[0],   C[1],   H[2],   H[3],  
Charges,    1.9592630863,    2.3675417900,    0.9991599408,    0.9999401653,  
Time[fs],  60.281000,  62.215000,  26.876000,  26.917000,  
Charge Sum,    6.3259049824, 
X Velocity[A/fs],  -0.175031,   0.166689,  -0.670711,   0.688388,  
Y Velocity[A/fs],  -0.001000,  -0.002830,   0.074798,  -0.020188, 
Z Velocity[A/fs],  -0.010117,   0.003721,   0.108305,  -0.046532,  
Speed[A/fs],   0.175326,   0.166754,   0.683505,   0.690254,  
 
C2H2_14r7,   C[0],   C[1],   H[2],   H[3],  
Charges,    1.7712287903,    2.5314307213,    0.9994836271,    0.9999590903,  
Time[fs],  62.108000,  61.469000,  26.857000,  26.766000,  
Charge Sum,    6.3021022290, 
X Velocity[A/fs],  -0.167678,   0.167907,  -0.666338,   0.694576,  
Y Velocity[A/fs],  -0.010592,  -0.000000,   0.077016,   0.048026, 
Z Velocity[A/fs],  -0.011874,   0.003055,   0.087790,   0.018358,  
Speed[A/fs],   0.168431,   0.167935,   0.676494,   0.696477,  
 
C2H2_14r151,   C[0],   C[1],   H[2],   H[3],  
Charges,    1.6924653053,    2.5614595413,    0.9994516835,    0.9999347269,  
Time[fs],  59.956000,  65.215000,  26.674000,  26.999000,  
Charge Sum,    6.2533112570, 
X Velocity[A/fs],  -0.174996,   0.155476,  -0.676954,   0.687368,  
Y Velocity[A/fs],  -0.007203,  -0.005201,   0.077258,   0.059250, 
Z Velocity[A/fs],   0.003424,   0.006822,  -0.012945,  -0.029472,  
Speed[A/fs],   0.175178,   0.155712,   0.681471,   0.690546,  
 
C2H2_14r26,   C[0],   C[1],   H[2],   H[3],  
Charges,    2.2689003944,    2.1085252762,    0.9988917937,    0.9999329079,  
Time[fs],  59.299000,  61.277000,  26.741000,  26.703000,  
Charge Sum,    6.3762503722, 
X Velocity[A/fs],  -0.177097,   0.168905,  -0.695062,   0.690769,  
Y Velocity[A/fs],  -0.000760,   0.002679,   0.029134,  -0.028851, 
Z Velocity[A/fs],   0.004095,  -0.001685,  -0.035477,   0.062715,  
Speed[A/fs],   0.177146,   0.168935,   0.696576,   0.694210,  
 
C2H2_14r105,   C[0],   C[1],   H[2],   H[3],  
Charges,    1.7778778076,    2.5630323887,    0.9990846339,    0.9999335601,  
Time[fs],  60.421000,  62.493000,  26.804000,  26.873000,  
Charge Sum,    6.3399283904, 
X Velocity[A/fs],  -0.173763,   0.164930,  -0.679259,   0.693262,  
Y Velocity[A/fs],  -0.001702,  -0.001978,   0.037092,   0.064508, 
Z Velocity[A/fs],  -0.004912,   0.008645,   0.097874,  -0.051052,  
Speed[A/fs],   0.173840,   0.165169,   0.687275,   0.698126,  
 
C2H2_14r60,   C[0],   C[1],   H[2],   H[3],  
Charges,    2.3565795422,    1.9360744953,    0.9991869724,    0.9999714543,  
Time[fs],  61.494000,  61.481000,  26.794000,  26.841000,  
Charge Sum,    6.2918124642, 
X Velocity[A/fs],  -0.170301,   0.169481,  -0.673757,   0.681337,  
Y Velocity[A/fs],   0.005477,   0.003437,  -0.014295,  -0.016175, 
Z Velocity[A/fs],   0.002561,   0.007839,   0.000160,  -0.033351,  
Speed[A/fs],   0.170408,   0.169697,   0.673909,   0.682344,  
 
C2H2_14r36,   C[0],   C[1],   H[2],   H[3],  
Charges,    2.1982048750,    2.1524595022,    0.9990872620,    0.9999261651,  
Time[fs],  61.957000,  59.871000,  26.925000,  26.834000,  
Charge Sum,    6.3496778042, 
X Velocity[A/fs],  -0.168659,   0.174847,  -0.671281,   0.694220,  
Y Velocity[A/fs],   0.004781,  -0.001076,  -0.034104,   0.048827, 
Z Velocity[A/fs],   0.010165,  -0.013818,  -0.052491,   0.103565,  
Speed[A/fs],   0.169032,   0.175395,   0.674194,   0.703599,  
 
C2H2_14r107,   C[0],   C[1],   H[2],   H[3],  
Charges,    1.8758301735,    2.4584459066,    0.9992575118,    0.9999267787,  
Time[fs],  59.208000,  63.411000,  26.771000,  27.010000,  
Charge Sum,    6.3334603706, 
X Velocity[A/fs],  -0.178739,   0.162205,  -0.678125,   0.686285,  
Y Velocity[A/fs],   0.007227,  -0.006614,  -0.067382,   0.097963, 
Z Velocity[A/fs],   0.001441,  -0.009061,   0.051393,   0.061830,  
Speed[A/fs],   0.178891,   0.162593,   0.683400,   0.695993,  
 
C2H2_14r16,   C[0],   C[1],   H[2],   H[3],  
Charges,    1.6271350384,    2.6037359238,    0.9995548632,    0.9999364208,  
Time[fs],  60.833000,  64.774000,  26.607000,  26.890000,  
Charge Sum,    6.2303622462, 
X Velocity[A/fs],  -0.171327,   0.156363,  -0.672074,   0.686724,  
Y Velocity[A/fs],  -0.002824,   0.000482,   0.087618,  -0.031631, 
Z Velocity[A/fs],   0.000691,   0.004414,   0.025947,  -0.027400,  
Speed[A/fs],   0.171352,   0.156426,   0.678258,   0.687998,  
 
C2H2_14r197,   C[0],   C[1],   H[2],   H[3],  
Charges,    2.6628551483,    1.6923742294,    0.9993307933,    0.9998953171,  
Time[fs],  59.611000,  62.431000,  26.715000,  26.916000,  
Charge Sum,    6.3544554881, 
X Velocity[A/fs],  -0.175156,   0.164053,  -0.675266,   0.684692,  
Y Velocity[A/fs],  -0.010186,   0.012420,   0.106785,  -0.074141, 
Z Velocity[A/fs],   0.008864,  -0.004387,  -0.075327,   0.084967,  
Speed[A/fs],   0.175675,   0.164581,   0.687794,   0.693916,  
 
C2H2_14r42,   C[0],   C[1],   H[2],   H[3],  
Charges,    1.8946576118,    2.4460874796,    0.9992237598,    0.9999042855,  
Time[fs],  60.014000,  62.275000,  26.805000,  26.934000,  
Charge Sum,    6.3398731368, 
X Velocity[A/fs],  -0.174999,   0.165034,  -0.671118,   0.693452,  
Y Velocity[A/fs],   0.008675,  -0.010795,  -0.047740,   0.084999, 
Z Velocity[A/fs],   0.016639,  -0.009777,  -0.075867,   0.093077,  
Speed[A/fs],   0.176002,   0.165675,   0.677078,   0.704815,  
 
C2H2_14r101,   C[0],   C[1],   H[2],   H[3],  
Charges,    2.3005232811,    2.0085949898,    0.9989705993,    0.9999507212,  
Time[fs],  60.323000,  62.756000,  26.774000,  26.901000,  
Charge Sum,    6.3080395914, 
X Velocity[A/fs],  -0.174749,   0.165240,  -0.681792,   0.687577,  
Y Velocity[A/fs],  -0.000313,   0.000291,   0.058514,   0.040198, 
Z Velocity[A/fs],   0.001646,  -0.001977,   0.060163,   0.017566,  
Speed[A/fs],   0.174757,   0.165252,   0.686938,   0.688975,  
 
C2H2_14r23,   C[0],   C[1],   H[2],   H[3],  
Charges,    1.7981593609,    2.5359268188,    0.9994999447,    0.9999346179,  
Time[fs],  60.568000,  61.985000,  26.820000,  26.947000,  
Charge Sum,    6.3335207423, 
X Velocity[A/fs],  -0.173055,   0.166109,  -0.664080,   0.685796,  
Y Velocity[A/fs],  -0.014269,   0.011719,   0.123538,  -0.085523, 
Z Velocity[A/fs],  -0.003984,   0.003785,   0.089969,  -0.049738,  
Speed[A/fs],   0.173688,   0.166565,   0.681438,   0.692896,  
 
C2H2_14r144,   C[0],   C[1],   H[2],   H[3],  
Charges,    1.9089748859,    2.3836909533,    0.9993878491,    0.9999426321,  
Time[fs],  59.741000,  63.778000,  26.675000,  26.929000,  
Charge Sum,    6.2919963205, 
X Velocity[A/fs],  -0.176047,   0.160372,  -0.681375,   0.692846,  
Y Velocity[A/fs],   0.005940,   0.001759,  -0.045023,  -0.012409, 
Z Velocity[A/fs],   0.001331,   0.002547,   0.078838,  -0.023575,  
Speed[A/fs],   0.176152,   0.160402,   0.687396,   0.693358,  
 
C2H2_14r182,   C[0],   C[1],   H[2],   H[3],  
Charges,    2.4256073236,    1.9025673866,    0.9991212184,    0.9999135983,  
Time[fs],  60.854000,  61.413000,  26.862000,  26.979000,  
Charge Sum,    6.3272095270, 
X Velocity[A/fs],  -0.172316,   0.169543,  -0.672084,   0.678991,  
Y Velocity[A/fs],   0.008418,  -0.008974,  -0.060543,   0.109280, 
Z Velocity[A/fs],  -0.004821,   0.011841,   0.073175,  -0.060436,  
Speed[A/fs],   0.172589,   0.170193,   0.678762,   0.690379,  
 
C2H2_14r165,   C[0],   C[1],   H[2],   H[3],  
Charges,    1.7435216904,    2.5105255842,    0.9994157408,    0.9999199296,  
Time[fs],  63.277000,  61.442000,  26.797000,  26.791000,  
Charge Sum,    6.2533829450, 
X Velocity[A/fs],  -0.163244,   0.167401,  -0.668779,   0.699640,  
Y Velocity[A/fs],   0.001060,  -0.000863,   0.057136,  -0.022450, 
Z Velocity[A/fs],  -0.005561,  -0.001522,   0.063404,   0.053224,  
Speed[A/fs],   0.163343,   0.167411,   0.674204,   0.702021,  
 
C2H2_14r181,   C[0],   C[1],   H[2],   H[3],  
Charges,    2.3752021790,    1.9361989498,    0.9994283469,    0.9999696389,  
Time[fs],  60.044000,  62.427000,  26.736000,  26.793000,  
Charge Sum,    6.3107991146, 
X Velocity[A/fs],  -0.175064,   0.165815,  -0.673541,   0.677307,  
Y Velocity[A/fs],  -0.003027,   0.005536,   0.080373,  -0.027512, 
Z Velocity[A/fs],   0.008142,  -0.006171,  -0.065654,   0.083892,  
Speed[A/fs],   0.175280,   0.166022,   0.681489,   0.683037,  
 
C2H2_14r78,   C[0],   C[1],   H[2],   H[3],  
Charges,    1.8905572891,    2.4281203747,    0.9995302983,    0.9998737411,  
Time[fs],  61.266000,  61.234000,  26.970000,  27.000000,  
Charge Sum,    6.3180817032, 
X Velocity[A/fs],  -0.171450,   0.170060,  -0.668706,   0.688105,  
Y Velocity[A/fs],   0.003615,  -0.010013,   0.006369,   0.093720, 
Z Velocity[A/fs],  -0.005131,   0.006052,   0.106711,  -0.054767,  
Speed[A/fs],   0.171565,   0.170462,   0.677197,   0.696614,  
 
C2H2_14r150,   C[0],   C[1],   H[2],   H[3],  
Charges,    1.9579505920,    2.3667690754,    0.9993509484,    0.9999301309,  
Time[fs],  59.444000,  63.300000,  26.688000,  26.864000,  
Charge Sum,    6.3240007467, 
X Velocity[A/fs],  -0.177031,   0.161786,  -0.683418,   0.695746,  
Y Velocity[A/fs],   0.000195,  -0.005616,   0.051317,   0.027975, 
Z Velocity[A/fs],  -0.006343,   0.000676,   0.092488,  -0.007980,  
Speed[A/fs],   0.177144,   0.161885,   0.691555,   0.696354,  
 
C2H2_14r75,   C[0],   C[1],   H[2],   H[3],  
Charges,    2.2459968328,    2.0263820887,    0.9993657026,    0.9999340314,  
Time[fs],  59.796000,  63.856000,  26.708000,  26.968000,  
Charge Sum,    6.2716786555, 
X Velocity[A/fs],  -0.176601,   0.161404,  -0.676164,   0.681963,  
Y Velocity[A/fs],   0.000513,  -0.002705,   0.079646,  -0.014667, 
Z Velocity[A/fs],   0.003073,   0.007870,  -0.024617,  -0.026489,  
Speed[A/fs],   0.176629,   0.161618,   0.681284,   0.682635,  
 
C2H2_14r163,   C[0],   C[1],   H[2],   H[3],  
Charges,    2.1604050398,    2.1562658548,    0.9989120531,    0.9999200612,  
Time[fs],  59.413000,  63.137000,  26.807000,  26.991000,  
Charge Sum,    6.3155030089, 
X Velocity[A/fs],  -0.178116,   0.163883,  -0.687036,   0.686656,  
Y Velocity[A/fs],  -0.003339,  -0.008343,   0.057123,   0.054620, 
Z Velocity[A/fs],  -0.001474,  -0.002583,   0.037112,   0.065411,  
Speed[A/fs],   0.178153,   0.164116,   0.690405,   0.691924,  
 
C2H2_14r88,   C[0],   C[1],   H[2],   H[3],  
Charges,    2.1578104496,    2.1713268757,    0.9986554843,    0.9999189091,  
Time[fs],  61.231000,  61.079000,  26.898000,  26.884000,  
Charge Sum,    6.3277117187, 
X Velocity[A/fs],  -0.171476,   0.170906,  -0.681594,   0.690791,  
Y Velocity[A/fs],   0.000094,   0.008510,  -0.009009,  -0.037830, 
Z Velocity[A/fs],   0.004495,   0.002564,   0.012421,   0.009791,  
Speed[A/fs],   0.171535,   0.171137,   0.681767,   0.691895,  
 
C2H2_14r168,   C[0],   C[1],   H[2],   H[3],  
Charges,    2.1315163374,    2.2234702110,    0.9993773274,    0.9999592971,  
Time[fs],  60.508000,  61.090000,  26.679000,  26.674000,  
Charge Sum,    6.3543231729, 
X Velocity[A/fs],  -0.173944,   0.170571,  -0.683826,   0.684216,  
Y Velocity[A/fs],   0.005623,   0.003192,  -0.017287,  -0.024862, 
Z Velocity[A/fs],  -0.001277,  -0.003507,   0.039983,   0.071889,  
Speed[A/fs],   0.174040,   0.170637,   0.685212,   0.688432,  
 
C2H2_14r98,   C[0],   C[1],   H[2],   H[3],  
Charges,    2.3263131380,    1.9094099998,    0.9990436484,    0.9996445354,  
Time[fs],  61.647000,  62.710000,  26.911000,  27.190000,  
Charge Sum,    6.2344113217, 
X Velocity[A/fs],  -0.169844,   0.165150,  -0.673485,   0.682926,  
Y Velocity[A/fs],  -0.001046,   0.003570,   0.026271,  -0.023783, 
Z Velocity[A/fs],  -0.001527,  -0.006999,   0.045282,   0.074115,  
Speed[A/fs],   0.169854,   0.165337,   0.675516,   0.687347,  
 
C2H2_14r149,   C[0],   C[1],   H[2],   H[3],  
Charges,    2.3261777163,    2.0251806974,    0.9994860652,    0.9999058004,  
Time[fs],  59.571000,  61.604000,  26.931000,  26.916000,  
Charge Sum,    6.3507502793, 
X Velocity[A/fs],  -0.176525,   0.168169,  -0.673942,   0.681551,  
Y Velocity[A/fs],  -0.011917,   0.012275,   0.124729,  -0.070884, 
Z Velocity[A/fs],   0.012761,  -0.010218,  -0.080633,   0.102496,  
Speed[A/fs],   0.177386,   0.168926,   0.690114,   0.692851,  
 
C2H2_14r72,   C[0],   C[1],   H[2],   H[3],  
Charges,    1.9632918835,    2.3039635420,    0.9994156049,    0.9999525257,  
Time[fs],  61.488000,  62.217000,  26.728000,  26.869000,  
Charge Sum,    6.2666235561, 
X Velocity[A/fs],  -0.170113,   0.165870,  -0.672256,   0.691953,  
Y Velocity[A/fs],   0.000761,  -0.009510,   0.032858,   0.072738, 
Z Velocity[A/fs],   0.006410,  -0.001045,  -0.052517,   0.085491,  
Speed[A/fs],   0.170236,   0.166146,   0.675104,   0.700998,  
 
C2H2_14r27,   C[0],   C[1],   H[2],   H[3],  
Charges,    2.1279489994,    2.2405041456,    0.9992300197,    0.9999284599,  
Time[fs],  60.047000,  61.030000,  26.872000,  26.762000,  
Charge Sum,    6.3676116246, 
X Velocity[A/fs],  -0.175452,   0.170415,  -0.673924,   0.691902,  
Y Velocity[A/fs],  -0.009261,  -0.001076,   0.090007,   0.036270, 
Z Velocity[A/fs],   0.008372,  -0.004202,  -0.072354,   0.084263,  
Speed[A/fs],   0.175895,   0.170470,   0.683747,   0.697957,  
 
C2H2_14r178,   C[0],   C[1],   H[2],   H[3],  
Charges,    2.6564974785,    1.6660249233,    0.9989974165,    0.9999268460,  
Time[fs],  61.203000,  61.962000,  26.679000,  26.752000,  
Charge Sum,    6.3214466643, 
X Velocity[A/fs],  -0.169317,   0.165763,  -0.680808,   0.687398,  
Y Velocity[A/fs],   0.009442,   0.002877,  -0.050666,  -0.015550, 
Z Velocity[A/fs],   0.001721,  -0.005540,   0.011183,   0.080661,  
Speed[A/fs],   0.169589,   0.165881,   0.682782,   0.692289,  
 
C2H2_14r153,   C[0],   C[1],   H[2],   H[3],  
Charges,    1.7866251469,    2.5542153120,    0.9987251004,    0.9999232349,  
Time[fs],  62.539000,  60.395000,  26.908000,  26.767000,  
Charge Sum,    6.3394887942, 
X Velocity[A/fs],  -0.166616,   0.172603,  -0.673042,   0.690299,  
Y Velocity[A/fs],  -0.006175,  -0.004694,   0.059136,   0.071781, 
Z Velocity[A/fs],   0.007564,   0.002608,  -0.007884,  -0.036384,  
Speed[A/fs],   0.166902,   0.172686,   0.675681,   0.694974,  
 
C2H2_14r87,   C[0],   C[1],   H[2],   H[3],  
Charges,    1.7829883099,    2.5352915525,    0.9995566551,    0.9999205881,  
Time[fs],  60.932000,  61.599000,  26.946000,  26.927000,  
Charge Sum,    6.3177571055, 
X Velocity[A/fs],  -0.171921,   0.168079,  -0.671861,   0.683958,  
Y Velocity[A/fs],  -0.002258,  -0.001629,   0.011691,   0.066800, 
Z Velocity[A/fs],  -0.013240,   0.014165,   0.104325,  -0.058322,  
Speed[A/fs],   0.172445,   0.168683,   0.680013,   0.689683,  
 
C2H2_14r74,   C[0],   C[1],   H[2],   H[3],  
Charges,    2.0654422045,    2.2815763950,    0.9987178366,    0.9998877001,  
Time[fs],  60.901000,  60.613000,  26.850000,  26.774000,  
Charge Sum,    6.3456241362, 
X Velocity[A/fs],  -0.172311,   0.172372,  -0.685252,   0.684894,  
Y Velocity[A/fs],  -0.002654,   0.004731,   0.054263,  -0.046311, 
Z Velocity[A/fs],   0.000933,  -0.004319,  -0.030205,   0.083844,  
Speed[A/fs],   0.172334,   0.172491,   0.688061,   0.691560,  
 
C2H2_14r175,   C[0],   C[1],   H[2],   H[3],  
Charges,    2.1035118103,    2.2054017782,    0.9992045439,    0.9999668218,  
Time[fs],  61.171000,  61.626000,  26.835000,  26.842000,  
Charge Sum,    6.3080849542, 
X Velocity[A/fs],  -0.171736,   0.168829,  -0.669599,   0.685423,  
Y Velocity[A/fs],  -0.015542,   0.008566,   0.091959,   0.024242, 
Z Velocity[A/fs],   0.000118,   0.005019,   0.059311,  -0.039534,  
Speed[A/fs],   0.172438,   0.169121,   0.678482,   0.686990,  
 
C2H2_14r96,   C[0],   C[1],   H[2],   H[3],  
Charges,    2.1403833628,    2.1720823050,    0.9993900821,    0.9999610829,  
Time[fs],  61.071000,  61.479000,  26.750000,  26.791000,  
Charge Sum,    6.3118168327, 
X Velocity[A/fs],  -0.171920,   0.168960,  -0.674450,   0.690320,  
Y Velocity[A/fs],   0.003021,   0.004251,  -0.014886,   0.000605, 
Z Velocity[A/fs],  -0.003979,   0.002126,   0.091691,  -0.048576,  
Speed[A/fs],   0.171992,   0.169027,   0.680817,   0.692027,  
 
C2H2_14r73,   C[0],   C[1],   H[2],   H[3],  
Charges,    2.1216769218,    2.1899689436,    0.9991989504,    0.9998992407,  
Time[fs],  59.433000,  62.991000,  26.898000,  27.035000,  
Charge Sum,    6.3107440565, 
X Velocity[A/fs],  -0.178126,   0.164106,  -0.668454,   0.686234,  
Y Velocity[A/fs],  -0.009870,   0.005293,   0.121922,  -0.032750, 
Z Velocity[A/fs],  -0.004532,   0.004972,   0.094377,  -0.039364,  
Speed[A/fs],   0.178457,   0.164267,   0.686005,   0.688142,  
 
C2H2_14r20,   C[0],   C[1],   H[2],   H[3],  
Charges,    1.8653643131,    2.3337044716,    0.9993291285,    0.9999171450,  
Time[fs],  62.378000,  62.863000,  26.757000,  26.912000,  
Charge Sum,    6.1983150582, 
X Velocity[A/fs],  -0.166491,   0.162975,  -0.668422,   0.694071,  
Y Velocity[A/fs],  -0.000635,  -0.002442,   0.053728,   0.016140, 
Z Velocity[A/fs],   0.008280,   0.007223,  -0.035440,  -0.023283,  
Speed[A/fs],   0.166698,   0.163154,   0.671514,   0.694649,  
 
C2H2_14r184,   C[0],   C[1],   H[2],   H[3],  
Charges,    2.0402655602,    2.1625481844,    0.9997381554,    0.9997364403,  
Time[fs],  62.486000,  62.072000,  27.001000,  27.023000,  
Charge Sum,    6.2022883403, 
X Velocity[A/fs],  -0.167222,   0.167137,  -0.661953,   0.688091,  
Y Velocity[A/fs],  -0.006485,  -0.002528,   0.064807,   0.025762, 
Z Velocity[A/fs],   0.007101,  -0.001580,  -0.036494,   0.041949,  
Speed[A/fs],   0.167498,   0.167164,   0.666118,   0.689850,  
 
C2H2_14r154,   C[0],   C[1],   H[2],   H[3],  
Charges,    2.0053739548,    2.3453958035,    0.9990520463,    0.9999422684,  
Time[fs],  60.326000,  61.557000,  26.783000,  26.747000,  
Charge Sum,    6.3497640729, 
X Velocity[A/fs],  -0.174648,   0.169048,  -0.683980,   0.685898,  
Y Velocity[A/fs],  -0.010585,  -0.001812,   0.067780,   0.044855, 
Z Velocity[A/fs],   0.001052,  -0.005813,   0.008654,   0.068607,  
Speed[A/fs],   0.174972,   0.169158,   0.687384,   0.690778,  
 
C2H2_14r31,   C[0],   C[1],   H[2],   H[3],  
Charges,    1.8209228516,    2.5524654388,    0.9963445566,    0.9999674063,  
Time[fs],  59.477000,  61.236000,  26.691000,  26.812000,  
Charge Sum,    6.3697002533, 
X Velocity[A/fs],  -0.176442,   0.167892,  -0.675424,   0.693256,  
Y Velocity[A/fs],  -0.002040,  -0.005092,   0.041465,   0.075689, 
Z Velocity[A/fs],  -0.009073,   0.016428,   0.108455,  -0.076538,  
Speed[A/fs],   0.176687,   0.168771,   0.685331,   0.701563,  
 
C2H2_14r126,   C[0],   C[1],   H[2],   H[3],  
Charges,    2.3931945562,    1.9430813789,    0.9991650278,    0.9999340028,  
Time[fs],  60.367000,  61.859000,  26.827000,  26.912000,  
Charge Sum,    6.3353749657, 
X Velocity[A/fs],  -0.174328,   0.168006,  -0.674966,   0.685981,  
Y Velocity[A/fs],   0.004125,   0.006530,  -0.011079,  -0.012857, 
Z Velocity[A/fs],   0.008389,  -0.004359,  -0.071034,   0.101076,  
Speed[A/fs],   0.174578,   0.168189,   0.678784,   0.693507,  
 
C2H2_14r45,   C[0],   C[1],   H[2],   H[3],  
Charges,    2.4759366512,    1.9340367317,    0.9982039088,    0.9999637367,  
Time[fs],  59.392000,  60.382000,  26.715000,  26.633000,  
Charge Sum,    6.4081410285, 
X Velocity[A/fs],  -0.176831,   0.172016,  -0.686361,   0.688167,  
Y Velocity[A/fs],   0.007794,  -0.006391,  -0.053702,   0.062968, 
Z Velocity[A/fs],   0.003555,   0.006226,  -0.016963,  -0.031329,  
Speed[A/fs],   0.177039,   0.172247,   0.688667,   0.691751,  
 
C2H2_14r53,   C[0],   C[1],   H[2],   H[3],  
Charges,    1.7876596451,    2.5499292612,    0.9993235762,    0.9999235641,  
Time[fs],  60.796000,  61.598000,  26.929000,  26.917000,  
Charge Sum,    6.3368360466, 
X Velocity[A/fs],  -0.172362,   0.167902,  -0.666426,   0.683602,  
Y Velocity[A/fs],  -0.006031,   0.005426,   0.097688,  -0.054317, 
Z Velocity[A/fs],  -0.013081,   0.012528,   0.118001,  -0.076771,  
Speed[A/fs],   0.172963,   0.168457,   0.683807,   0.690040,  
 
C2H2_14r186,   C[0],   C[1],   H[2],   H[3],  
Charges,    2.0928890705,    2.2077028751,    0.9995982246,    0.9999486195,  
Time[fs],  61.633000,  61.330000,  26.738000,  26.813000,  
Charge Sum,    6.3001387897, 
X Velocity[A/fs],  -0.169451,   0.168998,  -0.675838,   0.692716,  
Y Velocity[A/fs],   0.004428,  -0.009784,  -0.009622,   0.066778, 
Z Velocity[A/fs],  -0.005651,   0.009344,   0.072005,  -0.052146,  
Speed[A/fs],   0.169603,   0.169539,   0.679731,   0.697878,  
 
C2H2_14r13,   C[0],   C[1],   H[2],   H[3],  
Charges,    2.3574929237,    1.8849713802,    0.9995202305,    0.9999200329,  
Time[fs],  62.648000,  61.731000,  26.791000,  26.857000,  
Charge Sum,    6.2419045674, 
X Velocity[A/fs],  -0.165599,   0.167416,  -0.672365,   0.693675,  
Y Velocity[A/fs],  -0.009052,   0.000865,   0.060495,   0.049843, 
Z Velocity[A/fs],   0.007049,   0.002775,  -0.027139,  -0.026426,  
Speed[A/fs],   0.165996,   0.167442,   0.675627,   0.695965,  
 
C2H2_14r102,   C[0],   C[1],   H[2],   H[3],  
Charges,    1.6843736172,    2.6669600010,    0.9992895458,    0.9999318896,  
Time[fs],  60.247000,  62.396000,  26.832000,  26.835000,  
Charge Sum,    6.3505550535, 
X Velocity[A/fs],  -0.174054,   0.164802,  -0.676163,   0.686617,  
Y Velocity[A/fs],   0.004497,  -0.003379,  -0.055171,   0.091476, 
Z Velocity[A/fs],  -0.002442,   0.004177,   0.098629,  -0.046963,  
Speed[A/fs],   0.174130,   0.164889,   0.685542,   0.694274,  
 
C2H2_14r12,   C[0],   C[1],   H[2],   H[3],  
Charges,    2.0043158531,    2.3760347366,    0.9990967064,    0.9999642335,  
Time[fs],  59.374000,  60.886000,  26.678000,  26.646000,  
Charge Sum,    6.3794115297, 
X Velocity[A/fs],  -0.177557,   0.170063,  -0.680362,   0.689648,  
Y Velocity[A/fs],   0.004888,   0.002374,  -0.027582,  -0.022625, 
Z Velocity[A/fs],  -0.007809,   0.007834,   0.088099,  -0.009631,  
Speed[A/fs],   0.177796,   0.170260,   0.686597,   0.690087,  
 
C2H2_14r28,   C[0],   C[1],   H[2],   H[3],  
Charges,    1.9194550514,    2.4023890495,    0.9995945905,    0.9999577352,  
Time[fs],  59.965000,  62.761000,  26.692000,  26.783000,  
Charge Sum,    6.3213964266, 
X Velocity[A/fs],  -0.175663,   0.164105,  -0.676092,   0.691040,  
Y Velocity[A/fs],  -0.006202,  -0.002320,   0.069522,   0.055825, 
Z Velocity[A/fs],   0.002015,   0.002838,  -0.060828,   0.057433,  
Speed[A/fs],   0.175784,   0.164146,   0.682373,   0.695666,  
 
C2H2_14r159,   C[0],   C[1],   H[2],   H[3],  
Charges,    2.6649523973,    1.6679251194,    0.9990521187,    0.9998738268,  
Time[fs],  62.039000,  61.441000,  26.824000,  26.945000,  
Charge Sum,    6.3318034622, 
X Velocity[A/fs],  -0.166700,   0.167835,  -0.679481,   0.694027,  
Y Velocity[A/fs],   0.008334,  -0.005544,  -0.053574,   0.100105, 
Z Velocity[A/fs],   0.005061,  -0.004098,  -0.017626,   0.070901,  
Speed[A/fs],   0.166985,   0.167976,   0.681817,   0.704785,  
 
C2H2_14r140,   C[0],   C[1],   H[2],   H[3],  
Charges,    1.7473034859,    2.4447377920,    0.9994410158,    0.9998980973,  
Time[fs],  61.165000,  64.139000,  26.650000,  26.934000,  
Charge Sum,    6.1913803909, 
X Velocity[A/fs],  -0.170269,   0.158341,  -0.664694,   0.687556,  
Y Velocity[A/fs],   0.006225,   0.001071,  -0.035219,  -0.003577, 
Z Velocity[A/fs],   0.007396,  -0.002859,  -0.052793,   0.056242,  
Speed[A/fs],   0.170543,   0.158370,   0.667717,   0.689862,  
 
C2H2_14r196,   C[0],   C[1],   H[2],   H[3],  
Charges,    1.9600710869,    2.3551568985,    0.9991603572,    0.9999083679,  
Time[fs],  60.868000,  61.699000,  26.823000,  27.010000,  
Charge Sum,    6.3142967105, 
X Velocity[A/fs],  -0.172562,   0.167930,  -0.671005,   0.688810,  
Y Velocity[A/fs],  -0.004203,   0.006395,   0.077899,  -0.068057, 
Z Velocity[A/fs],  -0.004341,   0.008882,   0.104684,  -0.062314,  
Speed[A/fs],   0.172667,   0.168286,   0.683575,   0.694963,  
 
C2H2_14r25,   C[0],   C[1],   H[2],   H[3],  
Charges,    2.0421020985,    2.1736965179,    0.9993790747,    0.9999247269,  
Time[fs],  62.089000,  62.506000,  26.747000,  26.897000,  
Charge Sum,    6.2151024179, 
X Velocity[A/fs],  -0.167799,   0.164704,  -0.671969,   0.692151,  
Y Velocity[A/fs],  -0.007889,   0.002795,   0.068386,  -0.017980, 
Z Velocity[A/fs],   0.006705,   0.000059,   0.034615,  -0.022750,  
Speed[A/fs],   0.168118,   0.164728,   0.676326,   0.692759,  
 
C2H2_14r9,   C[0],   C[1],   H[2],   H[3],  
Charges,    2.2368739843,    2.0866500139,    0.9990359464,    0.9999290921,  
Time[fs],  60.078000,  61.709000,  26.907000,  26.925000,  
Charge Sum,    6.3224890368, 
X Velocity[A/fs],  -0.175582,   0.168761,  -0.676489,   0.684516,  
Y Velocity[A/fs],  -0.002966,  -0.000554,   0.074465,  -0.023144, 
Z Velocity[A/fs],  -0.003783,   0.006595,   0.108516,  -0.049858,  
Speed[A/fs],   0.175648,   0.168891,   0.689172,   0.686720,  
 
C2H2_14r76,   C[0],   C[1],   H[2],   H[3],  
Charges,    1.7294170856,    2.6021783352,    0.9994229036,    0.9999358262,  
Time[fs],  61.262000,  61.838000,  26.804000,  26.836000,  
Charge Sum,    6.3309541506, 
X Velocity[A/fs],  -0.170405,   0.166371,  -0.669341,   0.694484,  
Y Velocity[A/fs],  -0.009622,   0.002766,   0.103536,  -0.056071, 
Z Velocity[A/fs],  -0.002816,   0.004024,   0.082775,  -0.049741,  
Speed[A/fs],   0.170699,   0.166443,   0.682340,   0.698517,  
 
C2H2_14r148,   C[0],   C[1],   H[2],   H[3],  
Charges,    2.2269340754,    2.1521401405,    0.9996061210,    0.9999494563,  
Time[fs],  58.659000,  61.820000,  26.754000,  26.703000,  
Charge Sum,    6.3786297932, 
X Velocity[A/fs],  -0.180454,   0.167716,  -0.681117,   0.679496,  
Y Velocity[A/fs],   0.006354,  -0.005642,  -0.070664,   0.078853, 
Z Velocity[A/fs],  -0.005529,   0.004715,   0.104418,  -0.042052,  
Speed[A/fs],   0.180650,   0.167877,   0.692688,   0.685347,  
 
C2H2_14r30,   C[0],   C[1],   H[2],   H[3],  
Charges,    1.8295927048,    2.4680976868,    0.9992487236,    0.9999494631,  
Time[fs],  59.335000,  63.728000,  26.756000,  26.971000,  
Charge Sum,    6.2968885783, 
X Velocity[A/fs],  -0.178139,   0.161108,  -0.674701,   0.680427,  
Y Velocity[A/fs],   0.003206,   0.000524,  -0.038183,   0.035991, 
Z Velocity[A/fs],   0.006019,  -0.005898,  -0.028756,   0.078187,  
Speed[A/fs],   0.178269,   0.161217,   0.676392,   0.685849,  
 
C2H2_14r124,   C[0],   C[1],   H[2],   H[3],  
Charges,    2.2625335455,    1.9451043606,    0.9994096286,    0.9998704780,  
Time[fs],  62.194000,  62.687000,  26.807000,  26.982000,  
Charge Sum,    6.2069180127, 
X Velocity[A/fs],  -0.167513,   0.164508,  -0.668229,   0.688021,  
Y Velocity[A/fs],   0.009341,  -0.007759,  -0.040943,   0.082911, 
Z Velocity[A/fs],  -0.002692,  -0.001806,   0.044260,   0.035209,  
Speed[A/fs],   0.167795,   0.164701,   0.670944,   0.693892,  
 
C2H2_14r179,   C[0],   C[1],   H[2],   H[3],  
Charges,    2.4090418816,    1.9490647316,    0.9993174258,    0.9999329216,  
Time[fs],  58.896000,  62.142000,  26.651000,  26.761000,  
Charge Sum,    6.3573569605, 
X Velocity[A/fs],  -0.178759,   0.165555,  -0.683527,   0.689917,  
Y Velocity[A/fs],  -0.011188,   0.005939,   0.105500,  -0.042575, 
Z Velocity[A/fs],   0.002852,  -0.001299,   0.010646,  -0.009070,  
Speed[A/fs],   0.179131,   0.165667,   0.691703,   0.691288,  
 
C2H2_14r156,   C[0],   C[1],   H[2],   H[3],  
Charges,    2.1064664125,    2.2128547430,    0.9985171597,    0.9998972612,  
Time[fs],  60.739000,  61.324000,  26.900000,  26.965000,  
Charge Sum,    6.3177355765, 
X Velocity[A/fs],  -0.173265,   0.170169,  -0.680880,   0.684657,  
Y Velocity[A/fs],  -0.000991,   0.011468,   0.022513,  -0.044915, 
Z Velocity[A/fs],  -0.000775,  -0.007750,   0.053639,   0.083014,  
Speed[A/fs],   0.173270,   0.170730,   0.683360,   0.691132,  
 
C2H2_14r187,   C[0],   C[1],   H[2],   H[3],  
Charges,    2.1170349121,    2.2214472294,    0.9993133086,    0.9999401446,  
Time[fs],  60.680000,  61.219000,  26.818000,  26.907000,  
Charge Sum,    6.3377355947, 
X Velocity[A/fs],  -0.173304,   0.170007,  -0.669750,   0.683571,  
Y Velocity[A/fs],   0.005095,   0.007977,  -0.017993,  -0.038532, 
Z Velocity[A/fs],   0.011641,  -0.012880,  -0.072937,   0.114334,  
Speed[A/fs],   0.173769,   0.170681,   0.673950,   0.694137,  
 
C2H2_14r135,   C[0],   C[1],   H[2],   H[3],  
Charges,    1.7559220791,    2.5831664801,    0.9994859063,    0.9999058995,  
Time[fs],  62.268000,  60.557000,  27.019000,  26.831000,  
Charge Sum,    6.3384803650, 
X Velocity[A/fs],  -0.167226,   0.171620,  -0.669829,   0.692086,  
Y Velocity[A/fs],   0.012378,  -0.006335,  -0.054359,   0.061562, 
Z Velocity[A/fs],  -0.002233,   0.004717,   0.074361,  -0.046255,  
Speed[A/fs],   0.167698,   0.171802,   0.676133,   0.696356,  
 
C2H2_14r62,   C[0],   C[1],   H[2],   H[3],  
Charges,    2.1819683313,    2.2325516939,    0.9991339396,    0.9999615661,  
Time[fs],  59.857000,  59.501000,  26.779000,  26.682000,  
Charge Sum,    6.4136155309, 
X Velocity[A/fs],  -0.175734,   0.175795,  -0.681462,   0.684954,  
Y Velocity[A/fs],   0.002735,  -0.007322,   0.028764,   0.075205, 
Z Velocity[A/fs],  -0.010217,   0.011312,   0.109148,  -0.073757,  
Speed[A/fs],   0.176052,   0.176311,   0.690747,   0.693007,  
 
C2H2_14r195,   C[0],   C[1],   H[2],   H[3],  
Charges,    2.3410292864,    2.0119612217,    0.9995023749,    0.9998925517,  
Time[fs],  61.924000,  59.758000,  26.938000,  26.792000,  
Charge Sum,    6.3523854347, 
X Velocity[A/fs],  -0.168581,   0.175554,  -0.673504,   0.685299,  
Y Velocity[A/fs],   0.003964,  -0.002340,  -0.040802,   0.083709, 
Z Velocity[A/fs],  -0.009081,   0.009913,   0.093658,  -0.063416,  
Speed[A/fs],   0.168872,   0.175850,   0.681208,   0.693299,  
 
C2H2_14r121,   C[0],   C[1],   H[2],   H[3],  
Charges,    1.8279817104,    2.5784231424,    0.9989029593,    0.9999737778,  
Time[fs],  59.644000,  60.538000,  26.686000,  26.709000,  
Charge Sum,    6.4052815900, 
X Velocity[A/fs],  -0.176245,   0.171211,  -0.684290,   0.684057,  
Y Velocity[A/fs],   0.005048,  -0.008083,  -0.055911,   0.101749, 
Z Velocity[A/fs],  -0.002429,   0.011724,   0.043381,  -0.061505,  
Speed[A/fs],   0.176334,   0.171802,   0.687939,   0.694312,  
 
C2H2_14r115,   C[0],   C[1],   H[2],   H[3],  
Charges,    2.3809996843,    1.9439082146,    0.9986444027,    0.9999258097,  
Time[fs],  61.163000,  61.452000,  26.902000,  26.873000,  
Charge Sum,    6.3234781113, 
X Velocity[A/fs],  -0.171533,   0.169734,  -0.681324,   0.687990,  
Y Velocity[A/fs],  -0.003585,  -0.000217,  -0.017587,   0.072957, 
Z Velocity[A/fs],   0.008990,   0.003269,  -0.020497,  -0.007178,  
Speed[A/fs],   0.171806,   0.169765,   0.681859,   0.691885,  
 
C2H2_14r139,   C[0],   C[1],   H[2],   H[3],  
Charges,    1.7935156822,    2.5516887903,    0.9984914352,    0.9999054742,  
Time[fs],  62.188000,  60.535000,  26.891000,  26.773000,  
Charge Sum,    6.3436013820, 
X Velocity[A/fs],  -0.167735,   0.172027,  -0.677960,   0.689690,  
Y Velocity[A/fs],   0.002113,  -0.008001,   0.041869,   0.053571, 
Z Velocity[A/fs],   0.001217,  -0.004140,   0.028689,   0.075550,  
Speed[A/fs],   0.167752,   0.172263,   0.679858,   0.695881,  
 
C2H2_14r32,   C[0],   C[1],   H[2],   H[3],  
Charges,    1.7374656200,    2.6127490997,    0.9993970167,    0.9999414791,  
Time[fs],  59.147000,  63.566000,  26.746000,  26.942000,  
Charge Sum,    6.3495532155, 
X Velocity[A/fs],  -0.178464,   0.161123,  -0.678125,   0.685498,  
Y Velocity[A/fs],   0.002313,   0.009708,  -0.017839,  -0.028464, 
Z Velocity[A/fs],   0.008228,  -0.006393,  -0.072053,   0.098948,  
Speed[A/fs],   0.178668,   0.161542,   0.682175,   0.693187,  
 
C2H2_14r48,   C[0],   C[1],   H[2],   H[3],  
Charges,    2.0985416174,    2.2514818907,    0.9988196903,    0.9999272370,  
Time[fs],  61.681000,  60.233000,  26.826000,  26.718000,  
Charge Sum,    6.3487704354, 
X Velocity[A/fs],  -0.169967,   0.174027,  -0.680138,   0.686963,  
Y Velocity[A/fs],  -0.005352,  -0.001517,   0.050141,   0.060530, 
Z Velocity[A/fs],   0.000000,  -0.005255,   0.027306,   0.082173,  
Speed[A/fs],   0.170051,   0.174113,   0.682530,   0.694503,  
 
C2H2_14r172,   C[0],   C[1],   H[2],   H[3],  
Charges,    1.9858672619,    2.3774045706,    0.9991357294,    0.9999370384,  
Time[fs],  59.908000,  62.042000,  26.713000,  26.764000,  
Charge Sum,    6.3623446003, 
X Velocity[A/fs],  -0.176068,   0.166852,  -0.686089,   0.692243,  
Y Velocity[A/fs],   0.001932,  -0.001126,   0.062955,  -0.011071, 
Z Velocity[A/fs],   0.005665,   0.000406,  -0.010865,   0.031246,  
Speed[A/fs],   0.176169,   0.166856,   0.689057,   0.693036,  
 
C2H2_14r85,   C[0],   C[1],   H[2],   H[3],  
Charges,    2.3706362247,    1.9943029881,    0.9992693389,    0.9999499790,  
Time[fs],  60.141000,  61.225000,  26.780000,  26.695000,  
Charge Sum,    6.3641585307, 
X Velocity[A/fs],  -0.174835,   0.170187,  -0.688009,   0.682246,  
Y Velocity[A/fs],   0.011452,  -0.002976,  -0.040851,  -0.003726, 
Z Velocity[A/fs],   0.003586,  -0.000498,   0.025550,  -0.019850,  
Speed[A/fs],   0.175246,   0.170214,   0.689694,   0.682545,  
 
C2H2_14r133,   C[0],   C[1],   H[2],   H[3],  
Charges,    2.0847383738,    2.3226794004,    0.9981214155,    0.9999475402,  
Time[fs],  57.807000,  61.833000,  26.692000,  26.735000,  
Charge Sum,    6.4054867299, 
X Velocity[A/fs],  -0.183654,   0.166710,  -0.683568,   0.691291,  
Y Velocity[A/fs],   0.006990,  -0.006124,  -0.064710,   0.082105, 
Z Velocity[A/fs],   0.010152,  -0.002071,  -0.058048,   0.004499,  
Speed[A/fs],   0.184067,   0.166836,   0.689074,   0.696165,  
 
C2H2_14r104,   C[0],   C[1],   H[2],   H[3],  
Charges,    2.1175110340,    2.2316876650,    0.9992335367,    0.9999389845,  
Time[fs],  61.274000,  59.807000,  26.777000,  26.643000,  
Charge Sum,    6.3483712202, 
X Velocity[A/fs],  -0.170277,   0.174065,  -0.674313,   0.696560,  
Y Velocity[A/fs],  -0.008870,   0.006209,   0.085738,  -0.000732, 
Z Velocity[A/fs],   0.002755,   0.001147,  -0.025977,   0.034508,  
Speed[A/fs],   0.170531,   0.174179,   0.680238,   0.697414,  
 
C2H2_14r127,   C[0],   C[1],   H[2],   H[3],  
Charges,    1.9739775658,    2.2406393290,    0.9992594324,    0.9998423891,  
Time[fs],  60.469000,  64.271000,  26.780000,  27.102000,  
Charge Sum,    6.2137187162, 
X Velocity[A/fs],  -0.173789,   0.159339,  -0.670511,   0.685180,  
Y Velocity[A/fs],   0.000886,  -0.000163,   0.085121,  -0.026745, 
Z Velocity[A/fs],  -0.004792,   0.002491,   0.083270,  -0.017069,  
Speed[A/fs],   0.173858,   0.159359,   0.681003,   0.685914,  
 
C2H2_14r180,   C[0],   C[1],   H[2],   H[3],  
Charges,    2.2557294369,    2.1051081419,    0.9993144131,    0.9999352611,  
Time[fs],  60.596000,  60.552000,  26.776000,  26.724000,  
Charge Sum,    6.3600872530, 
X Velocity[A/fs],  -0.173296,   0.172425,  -0.680744,   0.680878,  
Y Velocity[A/fs],   0.000320,  -0.003566,   0.026737,   0.061632, 
Z Velocity[A/fs],  -0.008889,   0.006979,   0.098721,  -0.070075,  
Speed[A/fs],   0.173524,   0.172603,   0.688385,   0.687244,  
 
C2H2_14r130,   C[0],   C[1],   H[2],   H[3],  
Charges,    2.3133467436,    2.0048856735,    0.9991474858,    0.9999231495,  
Time[fs],  60.368000,  62.030000,  26.887000,  26.984000,  
Charge Sum,    6.3173030524, 
X Velocity[A/fs],  -0.174567,   0.167565,  -0.671217,   0.683839,  
Y Velocity[A/fs],   0.000528,  -0.000812,   0.067065,  -0.040371, 
Z Velocity[A/fs],  -0.011191,   0.007875,   0.115354,  -0.053994,  
Speed[A/fs],   0.174926,   0.167752,   0.684351,   0.687154,  
 
C2H2_14r29,   C[0],   C[1],   H[2],   H[3],  
Charges,    1.7315137386,    2.5751245022,    0.9992762097,    0.9999709944,  
Time[fs],  61.708000,  62.171000,  26.742000,  26.783000,  
Charge Sum,    6.3058854449, 
X Velocity[A/fs],  -0.169194,   0.165845,  -0.674273,   0.688164,  
Y Velocity[A/fs],  -0.000525,   0.010838,  -0.012431,  -0.035773, 
Z Velocity[A/fs],   0.008374,  -0.002479,  -0.023707,  -0.009781,  
Speed[A/fs],   0.169402,   0.166217,   0.674804,   0.689162,  
 
C2H2_14r194,   C[0],   C[1],   H[2],   H[3],  
Charges,    2.1179420948,    2.2097821236,    0.9994147325,    0.9999361971,  
Time[fs],  59.693000,  61.372000,  26.706000,  26.848000,  
Charge Sum,    6.3270751479, 
X Velocity[A/fs],  -0.176063,   0.168144,  -0.668943,   0.689937,  
Y Velocity[A/fs],  -0.009107,   0.014452,   0.115199,  -0.074947, 
Z Velocity[A/fs],   0.006477,  -0.002784,  -0.053540,   0.067508,  
Speed[A/fs],   0.176418,   0.168787,   0.680898,   0.697272,  
 
C2H2_14r97,   C[0],   C[1],   H[2],   H[3],  
Charges,    2.1310865879,    2.2213211060,    0.9990271233,    0.9999491377,  
Time[fs],  60.837000,  61.008000,  26.749000,  26.758000,  
Charge Sum,    6.3513839548, 
X Velocity[A/fs],  -0.172849,   0.171004,  -0.683423,   0.686306,  
Y Velocity[A/fs],   0.005073,  -0.008897,   0.027395,   0.077687, 
Z Velocity[A/fs],  -0.004751,  -0.002906,   0.041029,   0.074716,  
Speed[A/fs],   0.172988,   0.171260,   0.685202,   0.694718,  
 
C2H2_14r190,   C[0],   C[1],   H[2],   H[3],  
Charges,    1.9560158253,    2.3965768814,    0.9993309156,    0.9999562524,  
Time[fs],  60.028000,  61.938000,  26.698000,  26.794000,  
Charge Sum,    6.3518798747, 
X Velocity[A/fs],  -0.175614,   0.167305,  -0.682153,   0.685450,  
Y Velocity[A/fs],  -0.000453,  -0.013344,   0.040214,   0.091735, 
Z Velocity[A/fs],   0.000339,   0.001375,   0.081710,  -0.034248,  
Speed[A/fs],   0.175614,   0.167841,   0.688206,   0.692408,  
 
C2H2_14r66,   C[0],   C[1],   H[2],   H[3],  
Charges,    2.0508154631,    2.2432295084,    0.9992229827,    0.9999362889,  
Time[fs],  63.118000,  60.209000,  26.908000,  26.814000,  
Charge Sum,    6.2932042431, 
X Velocity[A/fs],  -0.165235,   0.174085,  -0.666501,   0.690570,  
Y Velocity[A/fs],  -0.002997,   0.000121,   0.064440,   0.005384, 
Z Velocity[A/fs],   0.000238,  -0.001666,  -0.031548,   0.087848,  
Speed[A/fs],   0.165262,   0.174093,   0.670352,   0.696156,  
 
C2H2_14r152,   C[0],   C[1],   H[2],   H[3],  
Charges,    1.7606387138,    2.5101128817,    0.9989404214,    0.9998567748,  
Time[fs],  59.602000,  64.705000,  26.853000,  27.163000,  
Charge Sum,    6.2695487917, 
X Velocity[A/fs],  -0.177028,   0.157785,  -0.674869,   0.684718,  
Y Velocity[A/fs],  -0.005401,   0.003183,   0.087666,  -0.023485, 
Z Velocity[A/fs],  -0.000739,  -0.004951,   0.065141,   0.059501,  
Speed[A/fs],   0.177112,   0.157894,   0.683650,   0.687700,  
 
C2H2_14r188,   C[0],   C[1],   H[2],   H[3],  
Charges,    2.3547477722,    1.9504561424,    0.9992004305,    0.9999387468,  
Time[fs],  62.734000,  60.240000,  26.879000,  26.854000,  
Charge Sum,    6.3043430919, 
X Velocity[A/fs],  -0.166007,   0.173750,  -0.668454,   0.684712,  
Y Velocity[A/fs],  -0.008722,   0.007114,   0.073820,  -0.058681, 
Z Velocity[A/fs],  -0.005273,  -0.000952,   0.062238,   0.067112,  
Speed[A/fs],   0.166320,   0.173898,   0.675391,   0.690491,  
 
C2H2_14r117,   C[0],   C[1],   H[2],   H[3],  
Charges,    2.2744989395,    2.0093908310,    0.9993015843,    0.9999326573,  
Time[fs],  62.122000,  61.225000,  26.800000,  26.901000,  
Charge Sum,    6.2831240121, 
X Velocity[A/fs],  -0.168181,   0.169994,  -0.672020,   0.687971,  
Y Velocity[A/fs],   0.003349,  -0.003158,  -0.042542,   0.087366, 
Z Velocity[A/fs],   0.003225,   0.004879,   0.063505,  -0.059354,  
Speed[A/fs],   0.168245,   0.170094,   0.676353,   0.696031,  
 
C2H2_14r198,   C[0],   C[1],   H[2],   H[3],  
Charges,    1.9535515308,    2.4199635983,    0.9990765548,    0.9999410987,  
Time[fs],  59.820000,  61.732000,  26.739000,  26.757000,  
Charge Sum,    6.3725327826, 
X Velocity[A/fs],  -0.176279,   0.167840,  -0.685476,   0.689819,  
Y Velocity[A/fs],   0.002016,   0.001460,  -0.036427,   0.052683, 
Z Velocity[A/fs],   0.003418,  -0.012109,   0.051004,   0.052912,  
Speed[A/fs],   0.176324,   0.168282,   0.688336,   0.693848,  
 
C2H2_14r200,   C[0],   C[1],   H[2],   H[3],  
Charges,    2.8246470690,    1.5493886471,    0.9989846637,    0.9999223231,  
Time[fs],  61.233000,  61.710000,  26.722000,  26.740000,  
Charge Sum,    6.3729427029, 
X Velocity[A/fs],  -0.168721,   0.166392,  -0.682446,   0.686148,  
Y Velocity[A/fs],  -0.013500,   0.008111,   0.100353,  -0.045242, 
Z Velocity[A/fs],   0.001448,   0.007385,   0.003129,  -0.032113,  
Speed[A/fs],   0.169266,   0.166753,   0.689792,   0.688388,  
 
C2H2_14r136,   C[0],   C[1],   H[2],   H[3],  
Charges,    1.7743401527,    2.5130112171,    0.9988412576,    0.9999171400,  
Time[fs],  61.270000,  62.881000,  26.836000,  26.944000,  
Charge Sum,    6.2861097675, 
X Velocity[A/fs],  -0.170932,   0.163743,  -0.674001,   0.693550,  
Y Velocity[A/fs],   0.012213,   0.000907,  -0.034523,  -0.012160, 
Z Velocity[A/fs],  -0.002402,  -0.002970,   0.001391,   0.071078,  
Speed[A/fs],   0.171385,   0.163772,   0.674886,   0.697289,  
 
C2H2_14r67,   C[0],   C[1],   H[2],   H[3],  
Charges,    2.3688627481,    1.8667204380,    0.9994461823,    0.9999040145,  
Time[fs],  63.477000,  61.290000,  26.881000,  26.865000,  
Charge Sum,    6.2349333829, 
X Velocity[A/fs],  -0.163158,   0.169349,  -0.668646,   0.693256,  
Y Velocity[A/fs],  -0.000901,  -0.002756,   0.047214,   0.058712, 
Z Velocity[A/fs],   0.008914,  -0.000790,  -0.028638,  -0.014204,  
Speed[A/fs],   0.163404,   0.169374,   0.670922,   0.695883,  
 
C2H2_14r41,   C[0],   C[1],   H[2],   H[3],  
Charges,    1.8724632263,    2.5088182688,    0.9990575381,    0.9999160526,  
Time[fs],  58.596000,  62.036000,  26.781000,  26.817000,  
Charge Sum,    6.3802550858, 
X Velocity[A/fs],  -0.180201,   0.165523,  -0.674709,   0.693962,  
Y Velocity[A/fs],  -0.013209,   0.002882,   0.101142,   0.021631, 
Z Velocity[A/fs],  -0.009075,   0.009546,   0.116352,  -0.060799,  
Speed[A/fs],   0.180913,   0.165824,   0.692098,   0.696956,  
 
C2H2_14r167,   C[0],   C[1],   H[2],   H[3],  
Charges,    2.0663279295,    2.2495596409,    0.9992457746,    0.9999464565,  
Time[fs],  59.266000,  63.425000,  26.734000,  26.938000,  
Charge Sum,    6.3150798015, 
X Velocity[A/fs],  -0.178771,   0.162710,  -0.677802,   0.684123,  
Y Velocity[A/fs],   0.001611,  -0.001701,   0.054811,   0.020244, 
Z Velocity[A/fs],  -0.006255,   0.011060,   0.097097,  -0.037628,  
Speed[A/fs],   0.178888,   0.163094,   0.686911,   0.685456,  
 
C2H2_14r142,   C[0],   C[1],   H[2],   H[3],  
Charges,    2.4392758608,    1.8964688778,    0.9992934027,    0.9999327938,  
Time[fs],  59.795000,  62.133000,  26.855000,  26.937000,  
Charge Sum,    6.3349709351, 
X Velocity[A/fs],  -0.175999,   0.166823,  -0.677456,   0.678936,  
Y Velocity[A/fs],   0.006941,  -0.007364,  -0.051129,   0.106069, 
Z Velocity[A/fs],  -0.008855,   0.003776,   0.100817,  -0.025797,  
Speed[A/fs],   0.176358,   0.167029,   0.686822,   0.687656,  
 
C2H2_14r8,   C[0],   C[1],   H[2],   H[3],  
Charges,    2.1554331779,    2.1134241819,    0.9991962906,    0.9999664477,  
Time[fs],  60.486000,  62.370000,  26.815000,  26.926000,  
Charge Sum,    6.2680200982, 
X Velocity[A/fs],  -0.174166,   0.166442,  -0.670132,   0.679583,  
Y Velocity[A/fs],   0.005317,   0.002626,  -0.013134,  -0.022838, 
Z Velocity[A/fs],   0.000106,   0.004861,   0.081394,  -0.030859,  
Speed[A/fs],   0.174247,   0.166533,   0.675185,   0.680666,  
 
C2H2_14r24,   C[0],   C[1],   H[2],   H[3],  
Charges,    2.1245025396,    2.1663751602,    0.9995187045,    0.9997817011,  
Time[fs],  61.563000,  61.361000,  26.993000,  27.103000,  
Charge Sum,    6.2901781054, 
X Velocity[A/fs],  -0.170542,   0.169818,  -0.669276,   0.688806,  
Y Velocity[A/fs],   0.010903,  -0.011229,  -0.054589,   0.097833, 
Z Velocity[A/fs],  -0.002527,   0.007043,   0.014781,  -0.023001,  
Speed[A/fs],   0.170909,   0.170334,   0.671661,   0.696100,  
 
C2H2_14r122,   C[0],   C[1],   H[2],   H[3],  
Charges,    2.1150609255,    2.2433123589,    0.9993029200,    0.9999455774,  
Time[fs],  59.743000,  62.003000,  26.654000,  26.730000,  
Charge Sum,    6.3576217817, 
X Velocity[A/fs],  -0.176800,   0.167364,  -0.687534,   0.686053,  
Y Velocity[A/fs],  -0.002433,  -0.006425,   0.025329,   0.068055, 
Z Velocity[A/fs],  -0.002747,   0.001434,   0.052984,   0.049766,  
Speed[A/fs],   0.176838,   0.167493,   0.690038,   0.691214,  
 
C2H2_14r134,   C[0],   C[1],   H[2],   H[3],  
Charges,    1.9994187355,    2.2807424068,    0.9993192814,    0.9999497532,  
Time[fs],  60.588000,  62.861000,  26.731000,  26.914000,  
Charge Sum,    6.2794301770, 
X Velocity[A/fs],  -0.173760,   0.164420,  -0.674250,   0.686017,  
Y Velocity[A/fs],  -0.000489,  -0.000425,   0.079542,  -0.030772, 
Z Velocity[A/fs],  -0.005045,  -0.005093,   0.052945,   0.077467,  
Speed[A/fs],   0.173834,   0.164499,   0.680987,   0.691062,  
 
C2H2_14r65,   C[0],   C[1],   H[2],   H[3],  
Charges,    2.4415715933,    1.9105119705,    0.9991455534,    0.9999200789,  
Time[fs],  60.775000,  61.139000,  26.808000,  26.849000,  
Charge Sum,    6.3511491961, 
X Velocity[A/fs],  -0.172583,   0.170486,  -0.680301,   0.683418,  
Y Velocity[A/fs],  -0.001727,  -0.004425,  -0.048135,   0.112249, 
Z Velocity[A/fs],  -0.004038,   0.004317,   0.083027,  -0.037166,  
Speed[A/fs],   0.172639,   0.170598,   0.687037,   0.693571,  
 
C2H2_14r15,   C[0],   C[1],   H[2],   H[3],  
Charges,    2.0907111168,    2.2508794069,    0.9990863840,    0.9999003945,  
Time[fs],  59.539000,  62.405000,  26.800000,  26.910000,  
Charge Sum,    6.3405773022, 
X Velocity[A/fs],  -0.176955,   0.165133,  -0.677155,   0.695972,  
Y Velocity[A/fs],  -0.003217,  -0.001233,   0.079709,   0.002940, 
Z Velocity[A/fs],  -0.011707,   0.006048,   0.112240,  -0.044991,  
Speed[A/fs],   0.177371,   0.165249,   0.691006,   0.697430,  
 
C2H2_14r189,   C[0],   C[1],   H[2],   H[3],  
Charges,    2.0287845135,    2.2949966192,    0.9994252779,    0.9999395944,  
Time[fs],  62.114000,  60.154000,  26.783000,  26.758000,  
Charge Sum,    6.3231460050, 
X Velocity[A/fs],  -0.167993,   0.173503,  -0.669118,   0.684991,  
Y Velocity[A/fs],   0.006923,  -0.006346,  -0.046997,   0.107759, 
Z Velocity[A/fs],  -0.005968,   0.008106,   0.078193,  -0.043684,  
Speed[A/fs],   0.168241,   0.173809,   0.675308,   0.694789,  
 
C2H2_14r18,   C[0],   C[1],   H[2],   H[3],  
Charges,    1.8918011189,    2.4119818211,    0.9990008443,    0.9998987029,  
Time[fs],  59.769000,  62.949000,  26.923000,  27.053000,  
Charge Sum,    6.3026824871, 
X Velocity[A/fs],  -0.176721,   0.163976,  -0.671531,   0.685814,  
Y Velocity[A/fs],  -0.005669,   0.000812,   0.014179,   0.053451, 
Z Velocity[A/fs],  -0.009294,   0.010842,   0.118467,  -0.048100,  
Speed[A/fs],   0.177056,   0.164336,   0.682048,   0.689574,  
 
C2H2_14r1,   C[0],   C[1],   H[2],   H[3],  
Charges,    2.0970424414,    2.2468645573,    0.9992143839,    0.9999198611,  
Time[fs],  61.310000,  60.575000,  26.788000,  26.890000,  
Charge Sum,    6.3430412437, 
X Velocity[A/fs],  -0.170890,   0.172079,  -0.675833,   0.689112,  
Y Velocity[A/fs],  -0.003988,   0.008178,   0.020501,  -0.048437, 
Z Velocity[A/fs],  -0.006875,   0.011035,   0.092401,  -0.090705,  
Speed[A/fs],   0.171074,   0.172626,   0.682428,   0.696741,  
 
C2H2_14r47,   C[0],   C[1],   H[2],   H[3],  
Charges,    2.0322275162,    2.3684726954,    0.9987338125,    0.9999361725,  
Time[fs],  58.663000,  60.857000,  26.722000,  26.758000,  
Charge Sum,    6.3993701965, 
X Velocity[A/fs],  -0.179926,   0.169983,  -0.683161,   0.690874,  
Y Velocity[A/fs],  -0.010990,   0.008171,   0.115755,  -0.071054, 
Z Velocity[A/fs],   0.001760,  -0.006913,   0.031809,   0.080800,  
Speed[A/fs],   0.180270,   0.170320,   0.693628,   0.699202,  
 
C2H2_14r143,   C[0],   C[1],   H[2],   H[3],  
Charges,    1.9118733406,    2.4141105413,    0.9992424103,    0.9999599979,  
Time[fs],  60.817000,  61.877000,  26.749000,  26.778000,  
Charge Sum,    6.3251862901, 
X Velocity[A/fs],  -0.172715,   0.167265,  -0.675897,   0.689267,  
Y Velocity[A/fs],  -0.009718,   0.003067,   0.086931,  -0.029094, 
Z Velocity[A/fs],  -0.004887,   0.007128,  -0.012596,   0.017328,  
Speed[A/fs],   0.173057,   0.167445,   0.681581,   0.690099,  
 
C2H2_14r99,   C[0],   C[1],   H[2],   H[3],  
Charges,    1.8052284718,    2.5514396429,    0.9962261077,    0.9999344664,  
Time[fs],  58.477000,  62.722000,  26.581000,  26.758000,  
Charge Sum,    6.3528286888, 
X Velocity[A/fs],  -0.180337,   0.162658,  -0.680398,   0.691977,  
Y Velocity[A/fs],   0.006628,  -0.002922,  -0.056530,   0.038113, 
Z Velocity[A/fs],  -0.003141,   0.006459,   0.073353,  -0.042945,  
Speed[A/fs],   0.180486,   0.162812,   0.686672,   0.694356,  
 
C2H2_14r34,   C[0],   C[1],   H[2],   H[3],  
Charges,    2.1092531681,    2.2228357792,    0.9985429063,    0.9999086645,  
Time[fs],  61.323000,  60.269000,  26.892000,  26.852000,  
Charge Sum,    6.3305405181, 
X Velocity[A/fs],  -0.170922,   0.173701,  -0.678108,   0.680329,  
Y Velocity[A/fs],   0.004025,  -0.008422,   0.016681,   0.085499, 
Z Velocity[A/fs],   0.006603,  -0.005651,  -0.040352,   0.105993,  
Speed[A/fs],   0.171097,   0.173996,   0.679513,   0.693824,  
 
C2H2_14r61,   C[0],   C[1],   H[2],   H[3],  
Charges,    1.8361732960,    2.4520753622,    0.9991793727,    0.9999024923,  
Time[fs],  61.068000,  62.624000,  26.854000,  26.917000,  
Charge Sum,    6.2873305232, 
X Velocity[A/fs],  -0.171528,   0.164273,  -0.665508,   0.692025,  
Y Velocity[A/fs],   0.005744,   0.001941,  -0.026694,  -0.008502, 
Z Velocity[A/fs],   0.018874,  -0.008453,  -0.067026,   0.058260,  
Speed[A/fs],   0.172659,   0.164501,   0.669407,   0.694525,  
 
C2H2_14r14,   C[0],   C[1],   H[2],   H[3],  
Charges,    1.8049230576,    2.4629293680,    0.9995180710,    0.9999668778,  
Time[fs],  61.352000,  62.756000,  26.687000,  26.823000,  
Charge Sum,    6.2673373744, 
X Velocity[A/fs],  -0.170325,   0.163767,  -0.672535,   0.689473,  
Y Velocity[A/fs],  -0.002265,  -0.006258,   0.023087,   0.072111, 
Z Velocity[A/fs],   0.006107,  -0.001615,  -0.048890,   0.064915,  
Speed[A/fs],   0.170449,   0.163895,   0.674705,   0.696267,  
 
C2H2_14r83,   C[0],   C[1],   H[2],   H[3],  
Charges,    2.3653215170,    1.8502910137,    0.9997257768,    0.9999423648,  
Time[fs],  63.309000,  61.568000,  26.725000,  26.855000,  
Charge Sum,    6.2152806722, 
X Velocity[A/fs],  -0.163101,   0.167635,  -0.668335,   0.688929,  
Y Velocity[A/fs],  -0.008835,   0.009013,   0.064726,  -0.053293, 
Z Velocity[A/fs],   0.002913,  -0.002120,  -0.015272,   0.071720,  
Speed[A/fs],   0.163366,   0.167891,   0.671636,   0.694700,  
 
C2H2_14r166,   C[0],   C[1],   H[2],   H[3],  
Charges,    2.3423155546,    2.0389835835,    0.9982830554,    0.9999658409,  
Time[fs],  58.570000,  61.706000,  26.640000,  26.696000,  
Charge Sum,    6.3795480344, 
X Velocity[A/fs],  -0.180513,   0.167367,  -0.684573,   0.688982,  
Y Velocity[A/fs],  -0.009207,   0.003064,   0.084958,   0.035103, 
Z Velocity[A/fs],   0.004960,   0.004379,  -0.036768,  -0.018556,  
Speed[A/fs],   0.180816,   0.167452,   0.690804,   0.690125,  
 
C2H2_14r183,   C[0],   C[1],   H[2],   H[3],  
Charges,    2.2549260855,    2.0572123528,    0.9990627397,    0.9999173958,  
Time[fs],  60.352000,  62.345000,  26.891000,  26.982000,  
Charge Sum,    6.3111185737, 
X Velocity[A/fs],  -0.174621,   0.166461,  -0.670918,   0.687305,  
Y Velocity[A/fs],   0.003135,  -0.002264,   0.048808,  -0.010871, 
Z Velocity[A/fs],   0.014090,  -0.010767,  -0.076568,   0.084751,  
Speed[A/fs],   0.175216,   0.166824,   0.677034,   0.692596,  
 
C2H2_14r71,   C[0],   C[1],   H[2],   H[3],  
Charges,    2.3716439009,    1.9291121960,    0.9987433971,    0.9999329724,  
Time[fs],  61.157000,  61.593000,  26.923000,  26.953000,  
Charge Sum,    6.2994324663, 
X Velocity[A/fs],  -0.171579,   0.169234,  -0.679244,   0.686344,  
Y Velocity[A/fs],   0.000269,   0.001611,   0.039076,  -0.024469, 
Z Velocity[A/fs],   0.004684,  -0.003444,  -0.020772,   0.048049,  
Speed[A/fs],   0.171643,   0.169277,   0.680684,   0.688459,  
 
C2H2_14r199,   C[0],   C[1],   H[2],   H[3],  
Charges,    2.1095359325,    2.1850603819,    0.9988999524,    0.9998981915,  
Time[fs],  61.153000,  61.895000,  26.855000,  26.967000,  
Charge Sum,    6.2933944583, 
X Velocity[A/fs],  -0.171474,   0.167423,  -0.675412,   0.694241,  
Y Velocity[A/fs],  -0.007550,  -0.003696,   0.076455,   0.065820, 
Z Velocity[A/fs],   0.001186,  -0.009167,   0.055927,   0.066766,  
Speed[A/fs],   0.171644,   0.167715,   0.682023,   0.700543,  
 
C2H2_14r37,   C[0],   C[1],   H[2],   H[3],  
Charges,    2.1983952522,    2.1181212664,    0.9993888864,    0.9999528898,  
Time[fs],  60.908000,  61.643000,  26.780000,  26.841000,  
Charge Sum,    6.3158582948, 
X Velocity[A/fs],  -0.172292,   0.168295,  -0.675111,   0.691731,  
Y Velocity[A/fs],   0.000121,   0.004270,   0.081990,  -0.046222, 
Z Velocity[A/fs],   0.009253,   0.004620,  -0.042702,  -0.024690,  
Speed[A/fs],   0.172541,   0.168412,   0.681410,   0.693713,  
 
C2H2_14r173,   C[0],   C[1],   H[2],   H[3],  
Charges,    1.6954319477,    2.6423444748,    0.9991344983,    0.9999258371,  
Time[fs],  62.223000,  61.065000,  26.908000,  26.865000,  
Charge Sum,    6.3368367579, 
X Velocity[A/fs],  -0.167233,   0.169316,  -0.665848,   0.691094,  
Y Velocity[A/fs],   0.004428,  -0.007349,  -0.045554,   0.105979, 
Z Velocity[A/fs],  -0.013629,   0.007201,   0.092961,  -0.034339,  
Speed[A/fs],   0.167846,   0.169629,   0.673847,   0.700016,  
 
